SKU_ID,ASIN,Product_Title,Brand,Category,Seller_Name,MRP_INR,Selling_Price_INR,Base_Discount_%,Stock_Quantity,Rating,Total_Reviews,Is_Prime,Product_URL,July_Total_Revenue_INR,July_Order_Count
RKWI-HIM-HOM-12715,B0VB2HQBWO,Himalaya Home Care Product (Pack of 2),Himalaya,Home Care,RK World InfoCom Private Limited,2318.11,2183.66,5.8,20,3.8,13566,True,https://www.amazon.in/dp/B0VB2HQBWO,87572.72,11.0
RKWI-DET-BEA-17742,B0NGHS72DF,Dettol Beauty & Hygiene Product (Pack of 3),Dettol,Beauty & Hygiene,RK World InfoCom Private Limited,2400.75,2165.48,9.8,34,4.9,14952,True,https://www.amazon.in/dp/B0NGHS72DF,74157.58,12.0
RKWI-SEN-BAB-14709,B0X7GVDP1Z,Sensodyne Baby Care Product (Single Unit),Sensodyne,Baby Care,RK World InfoCom Private Limited,2438.51,2265.38,7.1,40,4.2,12942,True,https://www.amazon.in/dp/B0X7GVDP1Z,66958.21,7.0
RKWI-SUR-ORA-17701,B0T1SK3HB3,Surf Excel Oral Care Product (250ml),Surf Excel,Oral Care,RK World InfoCom Private Limited,2459.56,1908.62,22.4,45,4.6,7897,True,https://www.amazon.in/dp/B0T1SK3HB3,66803.66,8.0
RKWI-PON-BEA-11721,B046IW7UV4,Pond's Beauty & Hygiene Product (100g),Pond's,Beauty & Hygiene,RK World InfoCom Private Limited,2400.33,2028.28,15.5,42,4.2,802,True,https://www.amazon.in/dp/B046IW7UV4,59213.53,7.0
RKWI-DET-PER-15787,B0N1G2GNFN,Dettol Personal Care Product (750ml),Dettol,Personal Care,RK World InfoCom Private Limited,2375.64,2133.32,10.2,13,4.5,7216,False,https://www.amazon.in/dp/B0N1G2GNFN,54864.49,6.0
RKWI-PAM-HEA-11158,B09H0Y05ML,Pampers Health & Wellness Product (100g),Pampers,Health & Wellness,RK World InfoCom Private Limited,2207.76,1677.9,24.0,12,3.6,610,True,https://www.amazon.in/dp/B09H0Y05ML,52929.0,8.0
RKWI-L'O-BEA-12219,B0VY4H03B2,L'Oreal Beauty & Hygiene Product (Pack of 3),L'Oreal,Beauty & Hygiene,RK World InfoCom Private Limited,2302.55,2000.92,13.1,22,3.9,11506,True,https://www.amazon.in/dp/B0VY4H03B2,51902.72,7.0
RKWI-HIM-ORA-11659,B00TD0DOF8,Himalaya Oral Care Product (Pack of 2),Himalaya,Oral Care,RK World InfoCom Private Limited,2091.33,1898.93,9.2,13,4.3,9705,True,https://www.amazon.in/dp/B00TD0DOF8,50835.97,6.0
RKWI-SEN-HEA-11016,B0QT7ZVNBI,Sensodyne Health & Wellness Product (1L),Sensodyne,Health & Wellness,Cocoblu Retail,1901.39,1775.9,6.6,19,4.9,9447,False,https://www.amazon.in/dp/B0QT7ZVNBI,50494.69,11.0
RKWI-SUR-HEA-19279,B0WK5QPTP4,Surf Excel Health & Wellness Product (250ml),Surf Excel,Health & Wellness,RK World InfoCom Private Limited,2220.47,2087.24,6.0,28,3.6,15795,True,https://www.amazon.in/dp/B0WK5QPTP4,48357.03,6.0
RKWI-L'O-HOM-14243,B0GV9WADGI,L'Oreal Home Care Product (100g),L'Oreal,Home Care,RK World InfoCom Private Limited,2403.14,1874.45,22.0,23,4.4,3362,True,https://www.amazon.in/dp/B0GV9WADGI,47624.23,9.0
RKWI-ARI-BAB-12475,B0HDDQEF0S,Ariel Baby Care Product (250ml),Ariel,Baby Care,RK World InfoCom Private Limited,2488.51,2174.96,12.6,16,4.4,122,True,https://www.amazon.in/dp/B0HDDQEF0S,47493.79,6.0
RKWI-SUR-PER-17426,B0IRPBXQ07,Surf Excel Personal Care Product (100g),Surf Excel,Personal Care,RK World InfoCom Private Limited,2212.1,2061.68,6.8,45,3.7,13292,True,https://www.amazon.in/dp/B0IRPBXQ07,47418.64,6.0
RKWI-COL-HEA-10437,B0QHR133NO,Colgate Health & Wellness Product (1L),Colgate,Health & Wellness,Appario Retail Private Ltd,2081.6,1973.36,5.2,20,3.6,998,True,https://www.amazon.in/dp/B0QHR133NO,46298.979999999996,6.0
RKWI-COL-HEA-15443,B0T216GYYN,Colgate Health & Wellness Product (Pack of 2),Colgate,Health & Wellness,RK World InfoCom Private Limited,1930.01,1644.37,14.8,42,4.2,20141,False,https://www.amazon.in/dp/B0T216GYYN,45733.53,5.0
RKWI-VAS-HEA-10781,B0ZR0FCYBR,Vaseline Health & Wellness Product (Pack of 2),Vaseline,Health & Wellness,RK World InfoCom Private Limited,2092.08,1771.99,15.3,23,4.3,1457,True,https://www.amazon.in/dp/B0ZR0FCYBR,45281.73,6.0
RKWI-PON-HOM-14787,B0YPSTKO0I,Pond's Home Care Product (100g),Pond's,Home Care,Appario Retail Private Ltd,2325.56,2018.59,13.2,27,4.7,21325,False,https://www.amazon.in/dp/B0YPSTKO0I,45226.93,5.0
RKWI-ARI-BEA-17417,B0FDMXQQF4,Ariel Beauty & Hygiene Product (Pack of 3),Ariel,Beauty & Hygiene,RK World InfoCom Private Limited,1322.37,1030.13,22.1,28,4.0,24057,False,https://www.amazon.in/dp/B0FDMXQQF4,44637.91,12.0
RKWI-SUR-BAB-10404,B01R5FN3EH,Surf Excel Baby Care Product (Pack of 2),Surf Excel,Baby Care,Appario Retail Private Ltd,2426.13,1839.01,24.2,16,3.8,15536,True,https://www.amazon.in/dp/B01R5FN3EH,44140.3,7.0
RKWI-PON-HOM-17872,B082BRUR1S,Pond's Home Care Product (1L),Pond's,Home Care,RK World InfoCom Private Limited,1834.33,1711.43,6.7,46,4.6,16093,False,https://www.amazon.in/dp/B082BRUR1S,43840.94,10.0
RKWI-L'O-ORA-16503,B0V0BSE8RZ,L'Oreal Oral Care Product (250ml),L'Oreal,Oral Care,RK World InfoCom Private Limited,2479.99,2189.83,11.7,33,3.6,1512,True,https://www.amazon.in/dp/B0V0BSE8RZ,43796.6,6.0
RKWI-COL-ORA-18445,B0BX136878,Colgate Oral Care Product (500g),Colgate,Oral Care,RK World InfoCom Private Limited,2355.81,2162.63,8.2,12,4.4,14470,True,https://www.amazon.in/dp/B0BX136878,43174.979999999996,7.0
RKWI-NIV-ORA-10036,B01B0Z3NX3,Nivea Oral Care Product (Single Unit),Nivea,Oral Care,RK World InfoCom Private Limited,2452.96,2026.14,17.4,47,3.7,19354,True,https://www.amazon.in/dp/B01B0Z3NX3,42548.94,6.0
RKWI-L'O-PER-15649,B0MQ7P2IBL,L'Oreal Personal Care Product (Pack of 3),L'Oreal,Personal Care,Cloudtail India,1793.14,1369.96,23.6,30,4.4,3793,True,https://www.amazon.in/dp/B0MQ7P2IBL,42240.4,8.0
RKWI-DET-BEA-10087,B0OQIVBKV4,Dettol Beauty & Hygiene Product (100g),Dettol,Beauty & Hygiene,RK World InfoCom Private Limited,1713.05,1505.77,12.1,18,4.7,14135,True,https://www.amazon.in/dp/B0OQIVBKV4,41973.68,6.0
RKWI-PON-ORA-13179,B0TZU9QEGU,Pond's Oral Care Product (250ml),Pond's,Oral Care,Appario Retail Private Ltd,2198.42,1824.69,17.0,49,4.4,4709,False,https://www.amazon.in/dp/B0TZU9QEGU,41723.5,7.0
RKWI-PON-BAB-11022,B0L4C0BB6P,Pond's Baby Care Product (1L),Pond's,Baby Care,Appario Retail Private Ltd,1723.24,1483.71,13.9,15,4.4,17742,True,https://www.amazon.in/dp/B0L4C0BB6P,41268.58,7.0
RKWI-PON-HOM-15688,B0RGV7KMJP,Pond's Home Care Product (Pack of 2),Pond's,Home Care,Appario Retail Private Ltd,2199.29,1777.03,19.2,31,4.6,9551,True,https://www.amazon.in/dp/B0RGV7KMJP,41265.380000000005,5.0
RKWI-DOV-BAB-11073,B05LOMZOLM,Dove Baby Care Product (250ml),Dove,Baby Care,RK World InfoCom Private Limited,1725.1,1435.28,16.8,12,4.3,14113,False,https://www.amazon.in/dp/B05LOMZOLM,41236.619999999995,7.0
RKWI-ARI-PER-10546,B0SJXL66YA,Ariel Personal Care Product (Pack of 3),Ariel,Personal Care,Appario Retail Private Ltd,2280.74,2148.46,5.8,36,3.7,12283,True,https://www.amazon.in/dp/B0SJXL66YA,40820.740000000005,9.0
RKWI-VAS-HEA-11845,B0D0H6R7QM,Vaseline Health & Wellness Product (Pack of 2),Vaseline,Health & Wellness,Cloudtail India,1763.22,1331.23,24.5,21,4.2,2182,True,https://www.amazon.in/dp/B0D0H6R7QM,40478.81,6.0
RKWI-DOV-PER-12853,B0WTLBN4DB,Dove Personal Care Product (Pack of 3),Dove,Personal Care,RK World InfoCom Private Limited,1818.77,1429.55,21.4,20,4.5,24597,False,https://www.amazon.in/dp/B0WTLBN4DB,40110.0,10.0
RKWI-ARI-HEA-14291,B0BNGZCW6J,Ariel Health & Wellness Product (100g),Ariel,Health & Wellness,RK World InfoCom Private Limited,2346.66,1994.66,15.0,30,4.6,11252,False,https://www.amazon.in/dp/B0BNGZCW6J,39893.200000000004,8.0
RKWI-HIM-ORA-12524,B02YAQK5FL,Himalaya Oral Care Product (Pack of 2),Himalaya,Oral Care,RK World InfoCom Private Limited,1890.45,1493.46,21.0,13,4.8,5144,True,https://www.amazon.in/dp/B02YAQK5FL,39870.89,7.0
RKWI-VAS-BAB-16039,B00HLN0EZC,Vaseline Baby Care Product (Pack of 2),Vaseline,Baby Care,RK World InfoCom Private Limited,2048.5,1839.55,10.2,48,4.6,7713,True,https://www.amazon.in/dp/B00HLN0EZC,39858.21,6.0
RKWI-SEN-ORA-11627,B0QJI47JWU,Sensodyne Oral Care Product (Pack of 2),Sensodyne,Oral Care,Appario Retail Private Ltd,2309.66,1891.61,18.1,13,4.3,7540,True,https://www.amazon.in/dp/B0QJI47JWU,37832.2,7.0
RKWI-PON-BEA-16738,B0L8ZN4ZYK,Pond's Beauty & Hygiene Product (Pack of 3),Pond's,Beauty & Hygiene,RK World InfoCom Private Limited,2019.81,1696.64,16.0,39,4.7,6996,True,https://www.amazon.in/dp/B0L8ZN4ZYK,37823.55,3.0
RKWI-SEN-HEA-17831,B03CAP2E0R,Sensodyne Health & Wellness Product (1L),Sensodyne,Health & Wellness,RK World InfoCom Private Limited,2132.46,1917.08,10.1,35,4.7,6698,True,https://www.amazon.in/dp/B03CAP2E0R,37493.38,5.0
RKWI-ARI-ORA-12803,B0KE94XQFK,Ariel Oral Care Product (250ml),Ariel,Oral Care,RK World InfoCom Private Limited,1662.48,1429.73,14.0,48,4.1,18710,True,https://www.amazon.in/dp/B0KE94XQFK,37172.979999999996,8.0
RKWI-ARI-ORA-18384,B0VWCTINZ5,Ariel Oral Care Product (Single Unit),Ariel,Oral Care,RK World InfoCom Private Limited,2264.61,2128.73,6.0,17,3.9,5782,False,https://www.amazon.in/dp/B0VWCTINZ5,36968.0,5.0
RKWI-COL-PER-18558,B05POCXF3U,Colgate Personal Care Product (1L),Colgate,Personal Care,RK World InfoCom Private Limited,1345.32,1104.51,17.9,16,4.1,1779,True,https://www.amazon.in/dp/B05POCXF3U,36520.38,13.0
RKWI-DET-PER-10455,B00RCTI8F3,Dettol Personal Care Product (500g),Dettol,Personal Care,RK World InfoCom Private Limited,2118.75,1921.71,9.3,28,4.3,5822,True,https://www.amazon.in/dp/B00RCTI8F3,36512.49,8.0
RKWI-DET-HOM-12496,B00EUIQCFX,Dettol Home Care Product (250ml),Dettol,Home Care,RK World InfoCom Private Limited,2244.23,2015.32,10.2,32,4.3,22554,True,https://www.amazon.in/dp/B00EUIQCFX,36275.76,5.0
RKWI-L'O-PER-18679,B03ORYDAS7,L'Oreal Personal Care Product (500g),L'Oreal,Personal Care,RK World InfoCom Private Limited,2204.15,1558.33,29.3,48,3.7,4694,False,https://www.amazon.in/dp/B03ORYDAS7,35841.59,8.0
RKWI-PON-HOM-16475,B0FQ4N84U2,Pond's Home Care Product (500g),Pond's,Home Care,Cloudtail India,2356.85,2104.67,10.7,23,4.5,7162,True,https://www.amazon.in/dp/B0FQ4N84U2,35779.39,7.0
RKWI-NIV-PER-19953,B0M2JDTBA3,Nivea Personal Care Product (100g),Nivea,Personal Care,Appario Retail Private Ltd,2241.1,1633.76,27.1,45,4.1,11777,True,https://www.amazon.in/dp/B0M2JDTBA3,35763.94,5.0
RKWI-NIV-HOM-13675,B0JSRIFVOE,Nivea Home Care Product (500g),Nivea,Home Care,Cocoblu Retail,1304.43,1213.12,7.0,28,3.8,19285,True,https://www.amazon.in/dp/B0JSRIFVOE,35369.86,5.0
RKWI-PON-HEA-10206,B01UU7ZY6T,Pond's Health & Wellness Product (Pack of 3),Pond's,Health & Wellness,Appario Retail Private Ltd,2204.95,1860.98,15.6,23,4.2,843,True,https://www.amazon.in/dp/B01UU7ZY6T,35358.62,7.0
RKWI-HIM-BAB-16928,B02KTMALNC,Himalaya Baby Care Product (500g),Himalaya,Baby Care,RK World InfoCom Private Limited,2238.61,1784.17,20.3,37,4.3,14025,True,https://www.amazon.in/dp/B02KTMALNC,34929.48,5.0
RKWI-SEN-PER-12770,B0PNVWB0B1,Sensodyne Personal Care Product (Pack of 2),Sensodyne,Personal Care,Cocoblu Retail,1751.74,1485.48,15.2,16,4.5,20595,True,https://www.amazon.in/dp/B0PNVWB0B1,34926.0,6.0
RKWI-DOV-PER-13842,B0JWUF29W7,Dove Personal Care Product (100g),Dove,Personal Care,RK World InfoCom Private Limited,2319.67,1751.35,24.5,47,3.6,23488,True,https://www.amazon.in/dp/B0JWUF29W7,34896.93,7.0
RKWI-NIV-HOM-18149,B0EC73N688,Nivea Home Care Product (250ml),Nivea,Home Care,RK World InfoCom Private Limited,2183.76,2048.37,6.2,40,3.8,12816,True,https://www.amazon.in/dp/B0EC73N688,34822.29,5.0
RKWI-DET-ORA-10362,B0XSRQKRST,Dettol Oral Care Product (250ml),Dettol,Oral Care,Appario Retail Private Ltd,2041.76,1664.03,18.5,28,4.8,1050,False,https://www.amazon.in/dp/B0XSRQKRST,34368.07,5.0
RKWI-ARI-BAB-14541,B08HM3DGQC,Ariel Baby Care Product (1L),Ariel,Baby Care,Appario Retail Private Ltd,2203.6,1714.4,22.2,23,4.5,12098,True,https://www.amazon.in/dp/B08HM3DGQC,34288.0,9.0
RKWI-SEN-HEA-15267,B0VQ52IP1W,Sensodyne Health & Wellness Product (Single Unit),Sensodyne,Health & Wellness,RK World InfoCom Private Limited,1627.91,1245.35,23.5,12,4.8,16855,True,https://www.amazon.in/dp/B0VQ52IP1W,34003.9,8.0
RKWI-HIM-PER-12912,B0QTBOFA20,Himalaya Personal Care Product (Pack of 3),Himalaya,Personal Care,RK World InfoCom Private Limited,2099.84,1789.06,14.8,16,4.3,10131,True,https://www.amazon.in/dp/B0QTBOFA20,33992.14,9.0
RKWI-PAM-HEA-18072,B0BZBQSN5M,Pampers Health & Wellness Product (250ml),Pampers,Health & Wellness,Cocoblu Retail,2257.89,1849.21,18.1,46,4.8,23160,True,https://www.amazon.in/dp/B0BZBQSN5M,33518.130000000005,6.0
RKWI-PON-BEA-13404,B0NCMSBWTE,Pond's Beauty & Hygiene Product (500g),Pond's,Beauty & Hygiene,RK World InfoCom Private Limited,2391.82,1710.15,28.5,12,4.2,3651,True,https://www.amazon.in/dp/B0NCMSBWTE,33490.16,7.0
RKWI-PAM-BAB-13345,B0FCI5BY2B,Pampers Baby Care Product (1L),Pampers,Baby Care,RK World InfoCom Private Limited,1654.93,1358.7,17.9,26,4.2,20312,True,https://www.amazon.in/dp/B0FCI5BY2B,32563.02,7.0
RKWI-COL-HEA-19024,B0L6QKLRYP,Colgate Health & Wellness Product (500g),Colgate,Health & Wellness,Appario Retail Private Ltd,2250.14,1649.35,26.7,41,4.0,18498,True,https://www.amazon.in/dp/B0L6QKLRYP,32517.1,6.0
RKWI-SEN-PER-18803,B0FEW7MVPW,Sensodyne Personal Care Product (500g),Sensodyne,Personal Care,RK World InfoCom Private Limited,2164.33,2032.31,6.1,46,4.3,20912,True,https://www.amazon.in/dp/B0FEW7MVPW,32516.96,5.0
RKWI-DOV-PER-17201,B03J5UCFBY,Dove Personal Care Product (1L),Dove,Personal Care,RK World InfoCom Private Limited,2061.85,1624.74,21.2,44,4.6,379,True,https://www.amazon.in/dp/B03J5UCFBY,32494.800000000003,7.0
RKWI-ARI-PER-14056,B0EHAMSXAA,Ariel Personal Care Product (1L),Ariel,Personal Care,RK World InfoCom Private Limited,1186.22,1081.83,8.8,30,4.7,5658,True,https://www.amazon.in/dp/B0EHAMSXAA,32410.379999999997,9.0
RKWI-ARI-HOM-10818,B04EBC94E6,Ariel Home Care Product (Single Unit),Ariel,Home Care,RK World InfoCom Private Limited,1017.17,890.02,12.5,34,3.9,6526,True,https://www.amazon.in/dp/B04EBC94E6,32383.379999999997,8.0
RKWI-VAS-BEA-11897,B08QW8NZUE,Vaseline Beauty & Hygiene Product (Pack of 2),Vaseline,Beauty & Hygiene,RK World InfoCom Private Limited,1521.82,1381.81,9.2,47,4.0,3951,False,https://www.amazon.in/dp/B08QW8NZUE,31705.269999999997,6.0
RKWI-HIM-BAB-18216,B0USG46CHH,Himalaya Baby Care Product (Single Unit),Himalaya,Baby Care,Appario Retail Private Ltd,1971.16,1385.73,29.7,11,3.8,14744,True,https://www.amazon.in/dp/B0USG46CHH,31452.57,6.0
RKWI-DET-HOM-10727,B05RGOI9WM,Dettol Home Care Product (500g),Dettol,Home Care,Appario Retail Private Ltd,1903.36,1558.85,18.1,30,4.7,2010,False,https://www.amazon.in/dp/B05RGOI9WM,31177.0,8.0
RKWI-SEN-ORA-12459,B0TTTQWH40,Sensodyne Oral Care Product (100g),Sensodyne,Oral Care,RK World InfoCom Private Limited,1583.25,1146.27,27.6,36,4.6,17813,True,https://www.amazon.in/dp/B0TTTQWH40,31057.1,6.0
RKWI-ARI-HOM-11523,B06W3CO8PE,Ariel Home Care Product (Single Unit),Ariel,Home Care,Appario Retail Private Ltd,2324.95,1718.14,26.1,33,4.7,3216,True,https://www.amazon.in/dp/B06W3CO8PE,30926.52,8.0
RKWI-SUR-HEA-14957,B04BMX2ZFO,Surf Excel Health & Wellness Product (Pack of 3),Surf Excel,Health & Wellness,RK World InfoCom Private Limited,1144.76,950.15,17.0,48,4.3,19190,False,https://www.amazon.in/dp/B04BMX2ZFO,30844.88,6.0
RKWI-PAM-PER-12732,B0EX324GSY,Pampers Personal Care Product (500g),Pampers,Personal Care,Appario Retail Private Ltd,2196.3,1710.92,22.1,38,4.8,8448,True,https://www.amazon.in/dp/B0EX324GSY,30796.56,8.0
RKWI-PON-BEA-13529,B0YIKPD4LM,Pond's Beauty & Hygiene Product (250ml),Pond's,Beauty & Hygiene,Appario Retail Private Ltd,2101.78,1860.08,11.5,40,4.6,14408,True,https://www.amazon.in/dp/B0YIKPD4LM,30246.04,8.0
RKWI-ARI-HEA-13356,B0YNT5RIRY,Ariel Health & Wellness Product (250ml),Ariel,Health & Wellness,RK World InfoCom Private Limited,2129.41,1763.15,17.2,25,4.8,20795,True,https://www.amazon.in/dp/B0YNT5RIRY,29973.55,7.0
RKWI-PAM-HEA-18305,B0RHOVOG9K,Pampers Health & Wellness Product (250ml),Pampers,Health & Wellness,RK World InfoCom Private Limited,1433.6,1123.94,21.6,14,3.6,10406,True,https://www.amazon.in/dp/B0RHOVOG9K,29780.420000000002,8.0
RKWI-PON-HEA-18520,B0V5BP10TW,Pond's Health & Wellness Product (500g),Pond's,Health & Wellness,Appario Retail Private Ltd,1773.28,1388.48,21.7,26,3.5,12837,True,https://www.amazon.in/dp/B0V5BP10TW,29622.16,5.0
RKWI-ARI-BEA-13161,B0A1GQE1IE,Ariel Beauty & Hygiene Product (500g),Ariel,Beauty & Hygiene,Cloudtail India,2335.9,1840.69,21.2,36,4.2,13457,False,https://www.amazon.in/dp/B0A1GQE1IE,29451.04,6.0
RKWI-ARI-ORA-14708,B0UJQ9KVX7,Ariel Oral Care Product (750ml),Ariel,Oral Care,RK World InfoCom Private Limited,2235.16,1636.14,26.8,49,3.8,18363,True,https://www.amazon.in/dp/B0UJQ9KVX7,29450.52,6.0
RKWI-PON-PER-16872,B097IDADPW,Pond's Personal Care Product (500g),Pond's,Personal Care,Appario Retail Private Ltd,1898.25,1400.91,26.2,47,4.5,2936,True,https://www.amazon.in/dp/B097IDADPW,29419.11,8.0
RKWI-PAM-HOM-18523,B0XNLJNRAM,Pampers Home Care Product (750ml),Pampers,Home Care,RK World InfoCom Private Limited,1407.22,1072.3,23.8,40,4.1,1767,True,https://www.amazon.in/dp/B0XNLJNRAM,29375.25,7.0
RKWI-L'O-HEA-18728,B08LBZ0HCM,L'Oreal Health & Wellness Product (100g),L'Oreal,Health & Wellness,RK World InfoCom Private Limited,1986.4,1765.91,11.1,36,3.8,7272,True,https://www.amazon.in/dp/B08LBZ0HCM,29123.28,4.0
RKWI-NIV-PER-19476,B0QAEOVZVF,Nivea Personal Care Product (500g),Nivea,Personal Care,Cocoblu Retail,2032.29,1477.47,27.3,17,3.8,5210,True,https://www.amazon.in/dp/B0QAEOVZVF,29116.44,5.0
RKWI-VAS-ORA-14534,B0BLBK6HD6,Vaseline Oral Care Product (750ml),Vaseline,Oral Care,RK World InfoCom Private Limited,1602.11,1350.58,15.7,38,4.6,3460,True,https://www.amazon.in/dp/B0BLBK6HD6,29086.78,9.0
RKWI-DOV-HEA-11337,B0DHDDCIRO,Dove Health & Wellness Product (750ml),Dove,Health & Wellness,Cloudtail India,1614.14,1152.5,28.6,25,4.2,17988,True,https://www.amazon.in/dp/B0DHDDCIRO,29055.489999999998,7.0
RKWI-SEN-BAB-13322,B0EB42WQK2,Sensodyne Baby Care Product (Pack of 3),Sensodyne,Baby Care,Appario Retail Private Ltd,1087.61,939.7,13.6,12,3.6,9654,True,https://www.amazon.in/dp/B0EB42WQK2,28799.600000000002,10.0
RKWI-ARI-PER-19050,B0FXU8OW9B,Ariel Personal Care Product (Pack of 3),Ariel,Personal Care,Cloudtail India,1594.9,1293.46,18.9,22,4.1,23099,True,https://www.amazon.in/dp/B0FXU8OW9B,28456.120000000003,8.0
RKWI-NIV-HEA-12879,B0K3X5ZN9C,Nivea Health & Wellness Product (1L),Nivea,Health & Wellness,Appario Retail Private Ltd,2187.34,1579.26,27.8,42,4.2,10886,True,https://www.amazon.in/dp/B0K3X5ZN9C,28426.68,5.0
RKWI-PON-PER-13958,B0NMIHIE23,Pond's Personal Care Product (Single Unit),Pond's,Personal Care,Appario Retail Private Ltd,2084.16,1752.78,15.9,35,4.9,2840,True,https://www.amazon.in/dp/B0NMIHIE23,28214.52,4.0
RKWI-NIV-BAB-19398,B0WNRIUYVP,Nivea Baby Care Product (Pack of 2),Nivea,Baby Care,RK World InfoCom Private Limited,2040.43,1538.48,24.6,45,3.7,10735,True,https://www.amazon.in/dp/B0WNRIUYVP,27692.64,6.0
RKWI-PON-ORA-10383,B0UB7QMVY2,Pond's Oral Care Product (Pack of 2),Pond's,Oral Care,RK World InfoCom Private Limited,1801.96,1347.87,25.2,15,3.9,20319,True,https://www.amazon.in/dp/B0UB7QMVY2,27517.01,5.0
RKWI-L'O-BAB-10295,B0R5LL1D9S,L'Oreal Baby Care Product (1L),L'Oreal,Baby Care,RK World InfoCom Private Limited,2481.53,2230.9,10.1,47,4.1,23400,False,https://www.amazon.in/dp/B0R5LL1D9S,27249.25,3.0
RKWI-COL-BEA-10558,B0JEQVVIAA,Colgate Beauty & Hygiene Product (750ml),Colgate,Beauty & Hygiene,RK World InfoCom Private Limited,1978.93,1595.02,19.4,14,4.8,9333,True,https://www.amazon.in/dp/B0JEQVVIAA,27233.98,5.0
RKWI-PAM-HEA-18733,B0M3BOJ340,Pampers Health & Wellness Product (750ml),Pampers,Health & Wellness,Cocoblu Retail,1406.88,1240.87,11.8,14,3.9,14139,False,https://www.amazon.in/dp/B0M3BOJ340,26815.109999999997,7.0
RKWI-NIV-ORA-11052,B0NRY632II,Nivea Oral Care Product (500g),Nivea,Oral Care,RK World InfoCom Private Limited,1123.37,924.53,17.7,45,4.2,3017,False,https://www.amazon.in/dp/B0NRY632II,26811.37,10.0
RKWI-ARI-BEA-15036,B0D6IJQADH,Ariel Beauty & Hygiene Product (100g),Ariel,Beauty & Hygiene,Appario Retail Private Ltd,2467.21,2245.16,9.0,24,4.5,9679,True,https://www.amazon.in/dp/B0D6IJQADH,26537.93,4.0
RKWI-L'O-BAB-14359,B0OGLIJC51,L'Oreal Baby Care Product (250ml),L'Oreal,Baby Care,Cocoblu Retail,2400.4,2177.16,9.3,44,3.6,18456,True,https://www.amazon.in/dp/B0OGLIJC51,26125.92,6.0
RKWI-L'O-PER-14743,B08SZMSJKJ,L'Oreal Personal Care Product (500g),L'Oreal,Personal Care,RK World InfoCom Private Limited,1672.29,1237.49,26.0,26,3.9,17438,True,https://www.amazon.in/dp/B08SZMSJKJ,26070.17,5.0
RKWI-DOV-ORA-18985,B03PBSMJ9X,Dove Oral Care Product (100g),Dove,Oral Care,RK World InfoCom Private Limited,1913.92,1712.96,10.5,48,4.3,9796,False,https://www.amazon.in/dp/B03PBSMJ9X,25694.4,6.0
RKWI-SUR-ORA-18670,B0COA14PFX,Surf Excel Oral Care Product (100g),Surf Excel,Oral Care,RK World InfoCom Private Limited,2316.98,1696.03,26.8,26,4.7,19062,True,https://www.amazon.in/dp/B0COA14PFX,25440.45,6.0
RKWI-VAS-BEA-15241,B0NDPVSA3X,Vaseline Beauty & Hygiene Product (100g),Vaseline,Beauty & Hygiene,RK World InfoCom Private Limited,2074.78,1815.43,12.5,39,3.8,22129,False,https://www.amazon.in/dp/B0NDPVSA3X,25416.02,6.0
RKWI-PAM-PER-11239,B0VYX9D18K,Pampers Personal Care Product (1L),Pampers,Personal Care,Appario Retail Private Ltd,2473.96,1979.17,20.0,29,3.7,11771,True,https://www.amazon.in/dp/B0VYX9D18K,24670.39,5.0
RKWI-PON-PER-11884,B0LA6M04YP,Pond's Personal Care Product (500g),Pond's,Personal Care,RK World InfoCom Private Limited,1268.83,1069.62,15.7,12,3.9,2505,True,https://www.amazon.in/dp/B0LA6M04YP,24601.26,8.0
RKWI-DET-HEA-11830,B06IXAQ7NX,Dettol Health & Wellness Product (250ml),Dettol,Health & Wellness,RK World InfoCom Private Limited,1028.05,930.39,9.5,47,4.3,12938,True,https://www.amazon.in/dp/B06IXAQ7NX,24372.33,11.0
RKWI-NIV-PER-14455,B0PM1OY48F,Nivea Personal Care Product (500g),Nivea,Personal Care,Cloudtail India,902.63,719.4,20.3,35,4.5,501,False,https://www.amazon.in/dp/B0PM1OY48F,24157.32,11.0
RKWI-L'O-PER-13893,B0N1MEUW45,L'Oreal Personal Care Product (500g),L'Oreal,Personal Care,RK World InfoCom Private Limited,1311.27,1205.06,8.1,23,4.6,13261,True,https://www.amazon.in/dp/B0N1MEUW45,23996.559999999998,7.0
RKWI-NIV-ORA-14327,B0JDKOUOTP,Nivea Oral Care Product (250ml),Nivea,Oral Care,Cocoblu Retail,2086.98,1661.24,20.4,37,3.7,10502,True,https://www.amazon.in/dp/B0JDKOUOTP,23965.6,3.0
RKWI-COL-BEA-14407,B0W7C5I8H9,Colgate Beauty & Hygiene Product (100g),Colgate,Beauty & Hygiene,Cocoblu Retail,1964.36,1483.09,24.5,17,4.8,19035,True,https://www.amazon.in/dp/B0W7C5I8H9,23729.440000000002,7.0
RKWI-DOV-ORA-16504,B0CAU0TTRM,Dove Oral Care Product (250ml),Dove,Oral Care,RK World InfoCom Private Limited,2189.06,1582.69,27.7,39,3.7,13180,True,https://www.amazon.in/dp/B0CAU0TTRM,23658.16,3.0
RKWI-SEN-PER-13697,B0VIAWDVI6,Sensodyne Personal Care Product (1L),Sensodyne,Personal Care,RK World InfoCom Private Limited,2432.23,1945.78,20.0,42,3.9,3646,True,https://www.amazon.in/dp/B0VIAWDVI6,23591.98,4.0
RKWI-HIM-HEA-10653,B0TMY8A5GI,Himalaya Health & Wellness Product (Single Unit),Himalaya,Health & Wellness,RK World InfoCom Private Limited,968.47,798.99,17.5,11,4.4,24646,True,https://www.amazon.in/dp/B0TMY8A5GI,23313.03,6.0
RKWI-SUR-BAB-19159,B01VMCW52M,Surf Excel Baby Care Product (100g),Surf Excel,Baby Care,Cloudtail India,1161.18,951.01,18.1,46,4.5,21087,True,https://www.amazon.in/dp/B01VMCW52M,23282.79,8.0
RKWI-ARI-ORA-12087,B0MUCJI7EK,Ariel Oral Care Product (500g),Ariel,Oral Care,RK World InfoCom Private Limited,1506.38,1159.91,23.0,20,3.7,12809,True,https://www.amazon.in/dp/B0MUCJI7EK,23198.2,8.0
RKWI-DET-PER-15434,B0S90NX727,Dettol Personal Care Product (250ml),Dettol,Personal Care,Appario Retail Private Ltd,1057.67,822.87,22.2,38,4.6,5490,False,https://www.amazon.in/dp/B0S90NX727,23165.100000000002,8.0
RKWI-VAS-BEA-12192,B0875YUZTW,Vaseline Beauty & Hygiene Product (Pack of 3),Vaseline,Beauty & Hygiene,RK World InfoCom Private Limited,2043.22,1534.46,24.9,30,3.6,23545,True,https://www.amazon.in/dp/B0875YUZTW,23016.9,5.0
RKWI-NIV-BAB-12449,B0NXS8RHVV,Nivea Baby Care Product (100g),Nivea,Baby Care,RK World InfoCom Private Limited,2195.62,2074.86,5.5,21,3.5,18123,True,https://www.amazon.in/dp/B0NXS8RHVV,22823.46,6.0
RKWI-PON-BEA-13547,B0ZOZENJOB,Pond's Beauty & Hygiene Product (750ml),Pond's,Beauty & Hygiene,RK World InfoCom Private Limited,2063.89,1710.96,17.1,17,3.7,20797,True,https://www.amazon.in/dp/B0ZOZENJOB,22386.79,4.0
RKWI-NIV-ORA-15190,B0D858A5EY,Nivea Oral Care Product (Pack of 2),Nivea,Oral Care,RK World InfoCom Private Limited,1971.1,1858.75,5.7,34,3.8,24610,True,https://www.amazon.in/dp/B0D858A5EY,22305.0,5.0
RKWI-COL-HEA-19315,B0ONPDIQUJ,Colgate Health & Wellness Product (Pack of 2),Colgate,Health & Wellness,RK World InfoCom Private Limited,2355.89,1710.38,27.4,37,4.6,21911,True,https://www.amazon.in/dp/B0ONPDIQUJ,22234.940000000002,5.0
RKWI-L'O-PER-12294,B0HCJJG4LB,L'Oreal Personal Care Product (250ml),L'Oreal,Personal Care,RK World InfoCom Private Limited,2154.17,1570.39,27.1,25,3.5,7638,False,https://www.amazon.in/dp/B0HCJJG4LB,21985.46,5.0
RKWI-DET-BAB-16084,B0SU8IAY3K,Dettol Baby Care Product (750ml),Dettol,Baby Care,RK World InfoCom Private Limited,1762.84,1338.0,24.1,43,4.2,23100,True,https://www.amazon.in/dp/B0SU8IAY3K,21969.36,3.0
RKWI-VAS-ORA-15411,B083ZA2078,Vaseline Oral Care Product (250ml),Vaseline,Oral Care,RK World InfoCom Private Limited,1391.92,1096.83,21.2,49,3.7,23848,True,https://www.amazon.in/dp/B083ZA2078,21936.6,7.0
RKWI-DET-BAB-14125,B0DVZLSG5C,Dettol Baby Care Product (100g),Dettol,Baby Care,RK World InfoCom Private Limited,1324.46,1121.82,15.3,21,4.3,8001,True,https://www.amazon.in/dp/B0DVZLSG5C,21811.44,4.0
RKWI-L'O-BEA-18367,B0OKNRL511,L'Oreal Beauty & Hygiene Product (500g),L'Oreal,Beauty & Hygiene,Cloudtail India,1701.99,1281.6,24.7,13,4.6,18867,True,https://www.amazon.in/dp/B0OKNRL511,21787.199999999997,7.0
RKWI-VAS-PER-14402,B0F5UD5B3G,Vaseline Personal Care Product (250ml),Vaseline,Personal Care,Appario Retail Private Ltd,1915.75,1674.37,12.6,36,4.0,735,True,https://www.amazon.in/dp/B0F5UD5B3G,21766.809999999998,6.0
RKWI-DET-BEA-12413,B07NBQW35F,Dettol Beauty & Hygiene Product (750ml),Dettol,Beauty & Hygiene,RK World InfoCom Private Limited,2169.77,1783.55,17.8,28,4.2,24622,True,https://www.amazon.in/dp/B07NBQW35F,21672.34,2.0
RKWI-L'O-ORA-11789,B0N4OZODIL,L'Oreal Oral Care Product (1L),L'Oreal,Oral Care,RK World InfoCom Private Limited,1897.1,1438.0,24.2,36,3.7,11114,True,https://www.amazon.in/dp/B0N4OZODIL,21570.0,7.0
RKWI-ARI-ORA-11199,B0DF2F5NK4,Ariel Oral Care Product (250ml),Ariel,Oral Care,Cloudtail India,1068.96,868.0,18.8,43,4.0,3408,True,https://www.amazon.in/dp/B0DF2F5NK4,21520.32,7.0
RKWI-DOV-ORA-13784,B0WZGW1H19,Dove Oral Care Product (1L),Dove,Oral Care,Cloudtail India,822.4,728.65,11.4,38,4.2,2274,True,https://www.amazon.in/dp/B0WZGW1H19,21493.149999999998,8.0
RKWI-HIM-BAB-14874,B019WPDW8O,Himalaya Baby Care Product (Pack of 3),Himalaya,Baby Care,RK World InfoCom Private Limited,2371.95,1774.22,25.2,41,3.7,7183,True,https://www.amazon.in/dp/B019WPDW8O,21290.64,5.0
RKWI-NIV-HEA-16427,B0MWMC7JH5,Nivea Health & Wellness Product (250ml),Nivea,Health & Wellness,RK World InfoCom Private Limited,1800.41,1386.32,23.0,19,4.2,23103,True,https://www.amazon.in/dp/B0MWMC7JH5,21254.02,3.0
RKWI-SUR-BEA-16267,B0ICID3HX9,Surf Excel Beauty & Hygiene Product (250ml),Surf Excel,Beauty & Hygiene,RK World InfoCom Private Limited,1673.56,1342.2,19.8,11,3.8,10793,True,https://www.amazon.in/dp/B0ICID3HX9,21096.6,4.0
RKWI-HIM-BAB-12563,B0HSV5CVM8,Himalaya Baby Care Product (Pack of 2),Himalaya,Baby Care,RK World InfoCom Private Limited,1431.21,1229.41,14.1,28,4.5,4916,True,https://www.amazon.in/dp/B0HSV5CVM8,20899.97,7.0
RKWI-VAS-PER-14608,B0RZRNKWXF,Vaseline Personal Care Product (100g),Vaseline,Personal Care,Appario Retail Private Ltd,1482.79,1335.99,9.9,43,4.4,16385,True,https://www.amazon.in/dp/B0RZRNKWXF,20825.1,5.0
RKWI-PAM-PER-11885,B0QYHGI2G2,Pampers Personal Care Product (250ml),Pampers,Personal Care,Cocoblu Retail,1923.58,1384.98,28.0,27,4.4,12158,True,https://www.amazon.in/dp/B0QYHGI2G2,20774.7,7.0
RKWI-HIM-BEA-12829,B0P748FFOY,Himalaya Beauty & Hygiene Product (Pack of 3),Himalaya,Beauty & Hygiene,RK World InfoCom Private Limited,1576.47,1246.99,20.9,24,3.8,17185,True,https://www.amazon.in/dp/B0P748FFOY,20769.45,7.0
RKWI-NIV-BEA-15814,B0I0U4PX23,Nivea Beauty & Hygiene Product (Single Unit),Nivea,Beauty & Hygiene,Appario Retail Private Ltd,2428.04,1881.73,22.5,35,4.5,153,True,https://www.amazon.in/dp/B0I0U4PX23,20699.03,6.0
RKWI-HIM-BAB-14321,B0UXZPGR00,Himalaya Baby Care Product (500g),Himalaya,Baby Care,Appario Retail Private Ltd,2267.4,1714.15,24.4,34,4.6,14959,True,https://www.amazon.in/dp/B0UXZPGR00,20569.8,4.0
RKWI-ARI-ORA-18846,B04GZ0BJ5T,Ariel Oral Care Product (Pack of 2),Ariel,Oral Care,Appario Retail Private Ltd,1978.6,1865.82,5.7,49,3.7,18514,True,https://www.amazon.in/dp/B04GZ0BJ5T,20524.02,6.0
RKWI-SEN-BAB-10193,B039MOFT6Y,Sensodyne Baby Care Product (1L),Sensodyne,Baby Care,Appario Retail Private Ltd,1252.59,1116.06,10.9,23,4.4,3633,True,https://www.amazon.in/dp/B039MOFT6Y,20247.5,5.0
RKWI-L'O-PER-10236,B0T0UUM3I8,L'Oreal Personal Care Product (250ml),L'Oreal,Personal Care,Cloudtail India,1190.42,1010.67,15.1,14,3.9,13355,True,https://www.amazon.in/dp/B0T0UUM3I8,20213.4,7.0
RKWI-PAM-HEA-10537,B071HLL9RZ,Pampers Health & Wellness Product (250ml),Pampers,Health & Wellness,Cloudtail India,1241.93,1092.9,12.0,49,4.3,15414,True,https://www.amazon.in/dp/B071HLL9RZ,19977.77,4.0
RKWI-COL-BEA-18652,B0JSZSTC68,Colgate Beauty & Hygiene Product (Pack of 3),Colgate,Beauty & Hygiene,Cocoblu Retail,1712.7,1616.79,5.6,10,4.5,17680,False,https://www.amazon.in/dp/B0JSZSTC68,19959.77,4.0
RKWI-VAS-HEA-12159,B0P0LO2K9Q,Vaseline Health & Wellness Product (750ml),Vaseline,Health & Wellness,RK World InfoCom Private Limited,1465.73,1169.65,20.2,34,4.5,6917,True,https://www.amazon.in/dp/B0P0LO2K9Q,19884.050000000003,7.0
RKWI-NIV-BAB-17930,B0D65B6Y3G,Nivea Baby Care Product (750ml),Nivea,Baby Care,Appario Retail Private Ltd,1651.99,1519.83,8.0,24,3.6,10642,True,https://www.amazon.in/dp/B0D65B6Y3G,19757.79,6.0
RKWI-PAM-HEA-19386,B0ITTVMEJX,Pampers Health & Wellness Product (500g),Pampers,Health & Wellness,RK World InfoCom Private Limited,2377.23,2187.05,8.0,32,4.5,10713,True,https://www.amazon.in/dp/B0ITTVMEJX,19683.45,4.0
RKWI-SUR-PER-16357,B0V3XW9EIH,Surf Excel Personal Care Product (750ml),Surf Excel,Personal Care,RK World InfoCom Private Limited,1474.14,1201.42,18.5,22,4.2,16716,True,https://www.amazon.in/dp/B0V3XW9EIH,19642.54,3.0
RKWI-VAS-ORA-19379,B071UZJ55E,Vaseline Oral Care Product (Single Unit),Vaseline,Oral Care,RK World InfoCom Private Limited,2141.05,1500.88,29.9,22,4.7,11804,False,https://www.amazon.in/dp/B071UZJ55E,19511.440000000002,4.0
RKWI-DET-PER-15176,B0O8X881PD,Dettol Personal Care Product (750ml),Dettol,Personal Care,RK World InfoCom Private Limited,2168.56,1769.54,18.4,19,4.7,17173,False,https://www.amazon.in/dp/B0O8X881PD,19380.48,3.0
RKWI-COL-HEA-19297,B0KT6BKDK0,Colgate Health & Wellness Product (Pack of 2),Colgate,Health & Wellness,RK World InfoCom Private Limited,1227.21,1017.36,17.1,48,4.5,6180,True,https://www.amazon.in/dp/B0KT6BKDK0,19329.84,6.0
RKWI-DOV-PER-18374,B0LV8CF3A3,Dove Personal Care Product (Pack of 2),Dove,Personal Care,RK World InfoCom Private Limited,1211.02,1074.17,11.3,18,3.8,14406,True,https://www.amazon.in/dp/B0LV8CF3A3,19247.75,5.0
RKWI-DET-HOM-14083,B052H20UA4,Dettol Home Care Product (Pack of 2),Dettol,Home Care,RK World InfoCom Private Limited,1236.36,954.47,22.8,28,3.8,23981,True,https://www.amazon.in/dp/B052H20UA4,19089.4,7.0
RKWI-DET-BAB-14662,B0P1O01YTQ,Dettol Baby Care Product (250ml),Dettol,Baby Care,Appario Retail Private Ltd,1744.86,1430.79,18.0,34,4.1,13665,False,https://www.amazon.in/dp/B0P1O01YTQ,18771.61,5.0
RKWI-HIM-PER-12797,B0I7VXTRQI,Himalaya Personal Care Product (Single Unit),Himalaya,Personal Care,RK World InfoCom Private Limited,993.78,920.24,7.4,10,4.2,17363,True,https://www.amazon.in/dp/B0I7VXTRQI,18404.8,9.0
RKWI-VAS-HOM-13220,B0XUJF7AB1,Vaseline Home Care Product (Pack of 2),Vaseline,Home Care,RK World InfoCom Private Limited,1309.52,1025.35,21.7,11,4.4,2401,True,https://www.amazon.in/dp/B0XUJF7AB1,18401.82,5.0
RKWI-SUR-HOM-10531,B0LOMEYL6S,Surf Excel Home Care Product (Single Unit),Surf Excel,Home Care,RK World InfoCom Private Limited,1304.23,986.0,24.4,34,4.3,12536,True,https://www.amazon.in/dp/B0LOMEYL6S,18278.12,6.0
RKWI-PON-BEA-10529,B0X3F2XHDC,Pond's Beauty & Hygiene Product (750ml),Pond's,Beauty & Hygiene,RK World InfoCom Private Limited,1546.66,1141.44,26.2,38,3.8,5348,True,https://www.amazon.in/dp/B0X3F2XHDC,18263.04,5.0
RKWI-COL-BAB-18576,B07EI7BHLT,Colgate Baby Care Product (100g),Colgate,Baby Care,RK World InfoCom Private Limited,1903.67,1393.49,26.8,16,4.7,5004,True,https://www.amazon.in/dp/B07EI7BHLT,18115.37,5.0
RKWI-PAM-BAB-15198,B069CL2URL,Pampers Baby Care Product (Pack of 3),Pampers,Baby Care,RK World InfoCom Private Limited,1763.57,1633.07,7.4,12,4.1,11685,True,https://www.amazon.in/dp/B069CL2URL,17963.77,3.0
RKWI-SEN-BEA-16072,B07XRU3JLH,Sensodyne Beauty & Hygiene Product (250ml),Sensodyne,Beauty & Hygiene,RK World InfoCom Private Limited,751.23,696.39,7.3,42,4.1,7095,True,https://www.amazon.in/dp/B07XRU3JLH,17770.72,8.0
RKWI-DET-ORA-11059,B07XNPZCU7,Dettol Oral Care Product (250ml),Dettol,Oral Care,Appario Retail Private Ltd,920.33,775.84,15.7,27,4.3,21986,True,https://www.amazon.in/dp/B07XNPZCU7,17752.33,8.0
RKWI-PAM-PER-14790,B0GN109DZU,Pampers Personal Care Product (250ml),Pampers,Personal Care,RK World InfoCom Private Limited,770.8,699.12,9.3,42,4.7,3674,True,https://www.amazon.in/dp/B0GN109DZU,17748.34,6.0
RKWI-PON-HOM-12446,B0Z8A06Y5M,Pond's Home Care Product (Pack of 3),Pond's,Home Care,RK World InfoCom Private Limited,677.35,608.26,10.2,37,3.7,13195,True,https://www.amazon.in/dp/B0Z8A06Y5M,17430.62,10.0
RKWI-VAS-HOM-11505,B0WJFII0UG,Vaseline Home Care Product (100g),Vaseline,Home Care,RK World InfoCom Private Limited,1113.75,978.99,12.1,27,3.9,15782,True,https://www.amazon.in/dp/B0WJFII0UG,17354.879999999997,4.0
RKWI-DET-BAB-10273,B02WBXANJ4,Dettol Baby Care Product (100g),Dettol,Baby Care,RK World InfoCom Private Limited,1683.24,1235.5,26.6,29,3.9,21294,True,https://www.amazon.in/dp/B02WBXANJ4,17297.0,6.0
RKWI-L'O-PER-16697,B0HRDJKV58,L'Oreal Personal Care Product (500g),L'Oreal,Personal Care,RK World InfoCom Private Limited,1741.04,1434.62,17.6,42,3.9,1605,False,https://www.amazon.in/dp/B0HRDJKV58,17215.44,7.0
RKWI-DET-BEA-13189,B06Z4K230Q,Dettol Beauty & Hygiene Product (500g),Dettol,Beauty & Hygiene,RK World InfoCom Private Limited,2056.46,1719.2,16.4,34,4.1,12857,True,https://www.amazon.in/dp/B06Z4K230Q,17192.0,4.0
RKWI-PON-HEA-11958,B0RK6UJVBP,Pond's Health & Wellness Product (750ml),Pond's,Health & Wellness,RK World InfoCom Private Limited,2035.16,1908.98,6.2,18,4.0,17449,False,https://www.amazon.in/dp/B0RK6UJVBP,17180.82,3.0
RKWI-PON-HOM-11394,B0VHYJEEDP,Pond's Home Care Product (100g),Pond's,Home Care,Appario Retail Private Ltd,1977.19,1694.45,14.3,14,3.8,6433,True,https://www.amazon.in/dp/B0VHYJEEDP,16944.5,4.0
RKWI-PON-PER-13380,B0F8ND40QA,Pond's Personal Care Product (750ml),Pond's,Personal Care,Cloudtail India,800.67,652.55,18.5,39,3.7,19628,True,https://www.amazon.in/dp/B0F8ND40QA,16913.4,8.0
RKWI-VAS-BEA-16012,B0G55P3DJW,Vaseline Beauty & Hygiene Product (100g),Vaseline,Beauty & Hygiene,RK World InfoCom Private Limited,1680.53,1534.32,8.7,19,3.8,19737,False,https://www.amazon.in/dp/B0G55P3DJW,16877.52,3.0
RKWI-DOV-BAB-14480,B0ZA667PPX,Dove Baby Care Product (Pack of 3),Dove,Baby Care,RK World InfoCom Private Limited,1195.77,936.29,21.7,44,3.6,5656,True,https://www.amazon.in/dp/B0ZA667PPX,16853.22,6.0
RKWI-L'O-HOM-16530,B0C5FVTEC9,L'Oreal Home Care Product (500g),L'Oreal,Home Care,RK World InfoCom Private Limited,1894.85,1667.47,12.0,47,4.6,2993,True,https://www.amazon.in/dp/B0C5FVTEC9,16674.7,4.0
RKWI-DOV-HEA-18970,B0RXRCGA1B,Dove Health & Wellness Product (750ml),Dove,Health & Wellness,RK World InfoCom Private Limited,1114.54,859.31,22.9,17,4.4,14606,False,https://www.amazon.in/dp/B0RXRCGA1B,16569.2,5.0
RKWI-DOV-BAB-13264,B0XU2X6O5D,Dove Baby Care Product (Pack of 3),Dove,Baby Care,RK World InfoCom Private Limited,902.87,742.16,17.8,18,4.3,14349,True,https://www.amazon.in/dp/B0XU2X6O5D,16457.48,8.0
RKWI-SEN-ORA-14925,B01Q0TCJAO,Sensodyne Oral Care Product (Pack of 2),Sensodyne,Oral Care,Cloudtail India,2231.62,1809.84,18.9,15,3.9,18540,True,https://www.amazon.in/dp/B01Q0TCJAO,16288.56,4.0
RKWI-SUR-BEA-14423,B0QCEPTQ9X,Surf Excel Beauty & Hygiene Product (Pack of 3),Surf Excel,Beauty & Hygiene,RK World InfoCom Private Limited,1468.6,1252.72,14.7,14,4.2,6772,False,https://www.amazon.in/dp/B0QCEPTQ9X,16285.36,6.0
RKWI-ARI-BAB-10433,B0QPWDXYAS,Ariel Baby Care Product (100g),Ariel,Baby Care,RK World InfoCom Private Limited,1509.75,1393.5,7.7,22,4.3,2228,True,https://www.amazon.in/dp/B0QPWDXYAS,16224.09,5.0
RKWI-VAS-ORA-18207,B03XUSYAVO,Vaseline Oral Care Product (Pack of 2),Vaseline,Oral Care,Cloudtail India,1956.28,1786.08,8.7,40,3.7,7056,True,https://www.amazon.in/dp/B03XUSYAVO,16074.72,4.0
RKWI-HIM-HEA-17535,B0XVIRVI1P,Himalaya Health & Wellness Product (250ml),Himalaya,Health & Wellness,Cocoblu Retail,1755.08,1339.13,23.7,41,4.1,3601,False,https://www.amazon.in/dp/B0XVIRVI1P,16069.56,5.0
RKWI-ARI-HEA-12662,B0ED46KIHO,Ariel Health & Wellness Product (1L),Ariel,Health & Wellness,Cocoblu Retail,809.37,698.49,13.7,18,4.7,11835,True,https://www.amazon.in/dp/B0ED46KIHO,16065.269999999999,8.0
RKWI-ARI-HEA-10475,B0ET81IQY5,Ariel Health & Wellness Product (500g),Ariel,Health & Wellness,RK World InfoCom Private Limited,1334.79,1047.81,21.5,13,4.9,10572,True,https://www.amazon.in/dp/B0ET81IQY5,15991.31,5.0
RKWI-DOV-BAB-10443,B0SIBSMQPN,Dove Baby Care Product (250ml),Dove,Baby Care,RK World InfoCom Private Limited,1293.1,1140.51,11.8,35,3.8,7675,True,https://www.amazon.in/dp/B0SIBSMQPN,15967.140000000001,6.0
RKWI-ARI-ORA-10248,B0WD7OI0PE,Ariel Oral Care Product (250ml),Ariel,Oral Care,RK World InfoCom Private Limited,1363.18,1236.4,9.3,45,4.4,10671,False,https://www.amazon.in/dp/B0WD7OI0PE,15941.92,4.0
RKWI-HIM-BAB-14768,B00D4J294U,Himalaya Baby Care Product (Pack of 2),Himalaya,Baby Care,RK World InfoCom Private Limited,1880.54,1325.78,29.5,31,3.8,20630,True,https://www.amazon.in/dp/B00D4J294U,15909.36,4.0
RKWI-NIV-BAB-11341,B04KBL5VGG,Nivea Baby Care Product (500g),Nivea,Baby Care,RK World InfoCom Private Limited,992.85,908.46,8.5,38,3.6,21748,True,https://www.amazon.in/dp/B04KBL5VGG,15793.720000000001,6.0
RKWI-SEN-ORA-15537,B0KNY2UGHN,Sensodyne Oral Care Product (Pack of 3),Sensodyne,Oral Care,RK World InfoCom Private Limited,1008.77,795.92,21.1,31,4.4,16676,True,https://www.amazon.in/dp/B0KNY2UGHN,15122.480000000001,6.0
RKWI-DET-BEA-11618,B0WYMS2FMQ,Dettol Beauty & Hygiene Product (Single Unit),Dettol,Beauty & Hygiene,RK World InfoCom Private Limited,884.54,750.97,15.1,14,3.7,8200,True,https://www.amazon.in/dp/B0WYMS2FMQ,15037.29,7.0
RKWI-PON-BAB-12427,B0JF0U2RUP,Pond's Baby Care Product (500g),Pond's,Baby Care,RK World InfoCom Private Limited,2362.54,2147.55,9.1,16,4.2,7312,True,https://www.amazon.in/dp/B0JF0U2RUP,15032.85,3.0
RKWI-HIM-PER-14348,B0ZIJ7Q7GS,Himalaya Personal Care Product (100g),Himalaya,Personal Care,RK World InfoCom Private Limited,2044.51,1668.32,18.4,20,4.4,21529,True,https://www.amazon.in/dp/B0ZIJ7Q7GS,15014.88,4.0
RKWI-DET-HEA-13648,B0V00VI5S3,Dettol Health & Wellness Product (750ml),Dettol,Health & Wellness,Cocoblu Retail,2072.91,1496.64,27.8,39,4.6,15374,True,https://www.amazon.in/dp/B0V00VI5S3,14966.400000000001,3.0
RKWI-SEN-BAB-14325,B0TATAD01E,Sensodyne Baby Care Product (100g),Sensodyne,Baby Care,RK World InfoCom Private Limited,1281.48,1128.98,11.9,24,3.6,24736,True,https://www.amazon.in/dp/B0TATAD01E,14852.2,5.0
RKWI-L'O-BEA-19304,B0FU4WVPVG,L'Oreal Beauty & Hygiene Product (Single Unit),L'Oreal,Beauty & Hygiene,Cloudtail India,1206.84,893.06,26.0,36,4.6,13182,True,https://www.amazon.in/dp/B0FU4WVPVG,14601.82,5.0
RKWI-COL-HOM-10954,B0D8WACEQR,Colgate Home Care Product (Single Unit),Colgate,Home Care,RK World InfoCom Private Limited,1220.66,881.32,27.8,48,3.5,21481,True,https://www.amazon.in/dp/B0D8WACEQR,14564.61,6.0
RKWI-PON-BEA-11418,B0BB5YFTXD,Pond's Beauty & Hygiene Product (500g),Pond's,Beauty & Hygiene,RK World InfoCom Private Limited,1698.7,1454.09,14.4,27,3.9,19322,True,https://www.amazon.in/dp/B0BB5YFTXD,14540.900000000001,4.0
RKWI-NIV-HEA-11212,B0P8RF4WON,Nivea Health & Wellness Product (Single Unit),Nivea,Health & Wellness,RK World InfoCom Private Limited,2252.52,2061.06,8.5,36,4.7,13965,True,https://www.amazon.in/dp/B0P8RF4WON,14427.42,3.0
RKWI-DOV-BAB-17123,B0ZIYWGH10,Dove Baby Care Product (750ml),Dove,Baby Care,Cloudtail India,1641.28,1303.18,20.6,47,3.8,16159,True,https://www.amazon.in/dp/B0ZIYWGH10,14334.980000000001,4.0
RKWI-DET-BEA-19947,B0HXQ6AIP2,Dettol Beauty & Hygiene Product (250ml),Dettol,Beauty & Hygiene,Appario Retail Private Ltd,1691.07,1427.26,15.6,22,4.2,21599,False,https://www.amazon.in/dp/B0HXQ6AIP2,14272.599999999999,4.0
RKWI-PON-ORA-17759,B0OE2W4X8R,Pond's Oral Care Product (1L),Pond's,Oral Care,Cocoblu Retail,1562.12,1423.09,8.9,16,4.5,13062,True,https://www.amazon.in/dp/B0OE2W4X8R,14230.9,5.0
RKWI-DET-HEA-10640,B03579WRR5,Dettol Health & Wellness Product (100g),Dettol,Health & Wellness,Cloudtail India,1900.41,1421.51,25.2,49,4.0,20099,False,https://www.amazon.in/dp/B03579WRR5,14215.1,4.0
RKWI-PON-HEA-14815,B05FRHCSJ6,Pond's Health & Wellness Product (100g),Pond's,Health & Wellness,RK World InfoCom Private Limited,622.37,540.84,13.1,29,4.6,16791,True,https://www.amazon.in/dp/B05FRHCSJ6,14165.14,6.0
RKWI-NIV-ORA-18953,B07KU58YXG,Nivea Oral Care Product (500g),Nivea,Oral Care,RK World InfoCom Private Limited,1477.59,1087.51,26.4,35,4.7,13387,True,https://www.amazon.in/dp/B07KU58YXG,14062.54,6.0
RKWI-DOV-HEA-14505,B0BTHP3E36,Dove Health & Wellness Product (1L),Dove,Health & Wellness,RK World InfoCom Private Limited,701.53,642.6,8.4,34,3.7,9140,True,https://www.amazon.in/dp/B0BTHP3E36,13875.800000000001,6.0
RKWI-HIM-HOM-10424,B0XLH8L6E7,Himalaya Home Care Product (750ml),Himalaya,Home Care,RK World InfoCom Private Limited,1560.09,1480.53,5.1,19,4.4,13553,True,https://www.amazon.in/dp/B0XLH8L6E7,13792.75,3.0
RKWI-DET-HOM-12840,B0FREANOKQ,Dettol Home Care Product (1L),Dettol,Home Care,RK World InfoCom Private Limited,1090.36,984.6,9.7,18,4.7,17255,True,https://www.amazon.in/dp/B0FREANOKQ,13784.400000000001,5.0
RKWI-PON-BAB-18180,B0GFSVS1SP,Pond's Baby Care Product (Single Unit),Pond's,Baby Care,Cocoblu Retail,817.86,723.81,11.5,30,4.1,15919,True,https://www.amazon.in/dp/B0GFSVS1SP,13752.39,7.0
RKWI-SUR-BAB-15562,B09OAR9TT5,Surf Excel Baby Care Product (Pack of 2),Surf Excel,Baby Care,Cloudtail India,1489.79,1135.22,23.8,49,4.6,22573,True,https://www.amazon.in/dp/B09OAR9TT5,13622.64,4.0
RKWI-DET-PER-18185,B05TT3F07A,Dettol Personal Care Product (500g),Dettol,Personal Care,RK World InfoCom Private Limited,702.22,504.19,28.2,48,3.6,20293,True,https://www.amazon.in/dp/B05TT3F07A,13613.13,10.0
RKWI-ARI-HEA-16207,B072LAQFVK,Ariel Health & Wellness Product (Single Unit),Ariel,Health & Wellness,Cloudtail India,663.56,605.83,8.7,32,4.0,11631,True,https://www.amazon.in/dp/B072LAQFVK,13480.12,6.0
RKWI-ARI-HOM-13146,B0WJGEWJ28,Ariel Home Care Product (Pack of 2),Ariel,Home Care,RK World InfoCom Private Limited,1910.13,1579.68,17.3,29,4.7,11385,True,https://www.amazon.in/dp/B0WJGEWJ28,13475.740000000002,2.0
RKWI-HIM-BAB-16733,B0KG0C6FX4,Himalaya Baby Care Product (Pack of 2),Himalaya,Baby Care,RK World InfoCom Private Limited,941.66,774.99,17.7,30,3.6,18008,True,https://www.amazon.in/dp/B0KG0C6FX4,13436.789999999999,6.0
RKWI-PAM-BEA-16669,B0H6L1XW3Z,Pampers Beauty & Hygiene Product (750ml),Pampers,Beauty & Hygiene,Cloudtail India,1303.26,993.08,23.8,44,3.6,15974,True,https://www.amazon.in/dp/B0H6L1XW3Z,13179.6,4.0
RKWI-HIM-HEA-10965,B0X57ZKVNI,Himalaya Health & Wellness Product (Single Unit),Himalaya,Health & Wellness,RK World InfoCom Private Limited,734.6,585.48,20.3,36,3.9,16782,True,https://www.amazon.in/dp/B0X57ZKVNI,13107.6,6.0
RKWI-VAS-PER-14428,B0E8DIY9D9,Vaseline Personal Care Product (250ml),Vaseline,Personal Care,RK World InfoCom Private Limited,912.65,722.82,20.8,39,4.8,6628,True,https://www.amazon.in/dp/B0E8DIY9D9,13010.76,7.0
RKWI-SUR-BAB-18845,B0LY3EKNTK,Surf Excel Baby Care Product (100g),Surf Excel,Baby Care,RK World InfoCom Private Limited,936.4,809.05,13.6,13,4.7,15036,True,https://www.amazon.in/dp/B0LY3EKNTK,12849.53,6.0
RKWI-SEN-BEA-16710,B0FZKTC12J,Sensodyne Beauty & Hygiene Product (500g),Sensodyne,Beauty & Hygiene,Cocoblu Retail,1658.27,1242.04,25.1,49,4.8,887,True,https://www.amazon.in/dp/B0FZKTC12J,12744.72,4.0
RKWI-PAM-PER-11002,B0N4BPSAUE,Pampers Personal Care Product (Pack of 3),Pampers,Personal Care,Appario Retail Private Ltd,2186.14,1805.75,17.4,10,4.5,606,False,https://www.amazon.in/dp/B0N4BPSAUE,12640.25,2.0
RKWI-COL-PER-17968,B0B2GJS2UE,Colgate Personal Care Product (Single Unit),Colgate,Personal Care,RK World InfoCom Private Limited,2206.33,1577.53,28.5,20,4.6,14976,True,https://www.amazon.in/dp/B0B2GJS2UE,12620.24,3.0
RKWI-HIM-ORA-12261,B0JPO94I4M,Himalaya Oral Care Product (500g),Himalaya,Oral Care,Appario Retail Private Ltd,1631.46,1401.42,14.1,27,3.9,11031,True,https://www.amazon.in/dp/B0JPO94I4M,12612.78,3.0
RKWI-ARI-ORA-15358,B0B9XCZPLE,Ariel Oral Care Product (Pack of 3),Ariel,Oral Care,Appario Retail Private Ltd,624.17,547.4,12.3,13,3.8,23756,False,https://www.amazon.in/dp/B0B9XCZPLE,12569.84,6.0
RKWI-PON-PER-17163,B0HDHZNR5N,Pond's Personal Care Product (500g),Pond's,Personal Care,RK World InfoCom Private Limited,1235.39,1172.39,5.1,38,4.3,13846,False,https://www.amazon.in/dp/B0HDHZNR5N,12485.32,4.0
RKWI-ARI-ORA-16476,B0E45MKH33,Ariel Oral Care Product (Pack of 3),Ariel,Oral Care,RK World InfoCom Private Limited,1102.97,779.8,29.3,38,4.4,23938,True,https://www.amazon.in/dp/B0E45MKH33,12476.8,6.0
RKWI-SEN-BAB-17786,B0PQ5WS0V2,Sensodyne Baby Care Product (250ml),Sensodyne,Baby Care,Appario Retail Private Ltd,952.78,875.6,8.1,32,4.8,5416,False,https://www.amazon.in/dp/B0PQ5WS0V2,12258.4,6.0
RKWI-SUR-HEA-16242,B0ZHJ7IY4R,Surf Excel Health & Wellness Product (Pack of 3),Surf Excel,Health & Wellness,RK World InfoCom Private Limited,1053.86,874.7,17.0,48,4.4,5587,True,https://www.amazon.in/dp/B0ZHJ7IY4R,12245.800000000001,4.0
RKWI-SUR-HEA-16545,B0ZZCKGKWG,Surf Excel Health & Wellness Product (1L),Surf Excel,Health & Wellness,RK World InfoCom Private Limited,1246.58,1017.21,18.4,12,3.7,6851,True,https://www.amazon.in/dp/B0ZZCKGKWG,12206.52,4.0
RKWI-VAS-HEA-16955,B0IJ0R778P,Vaseline Health & Wellness Product (Single Unit),Vaseline,Health & Wellness,RK World InfoCom Private Limited,2148.65,1727.51,19.6,28,4.6,17748,True,https://www.amazon.in/dp/B0IJ0R778P,12092.57,2.0
RKWI-SEN-BEA-17461,B08O0XUL3X,Sensodyne Beauty & Hygiene Product (1L),Sensodyne,Beauty & Hygiene,RK World InfoCom Private Limited,920.81,673.11,26.9,29,4.5,23810,True,https://www.amazon.in/dp/B08O0XUL3X,12027.689999999999,4.0
RKWI-ARI-ORA-10504,B082EMAYB3,Ariel Oral Care Product (Single Unit),Ariel,Oral Care,RK World InfoCom Private Limited,1130.2,905.29,19.9,18,4.1,9500,True,https://www.amazon.in/dp/B082EMAYB3,11768.77,5.0
RKWI-NIV-ORA-16878,B0VH2H63HN,Nivea Oral Care Product (250ml),Nivea,Oral Care,RK World InfoCom Private Limited,788.78,735.14,6.8,36,4.0,23826,True,https://www.amazon.in/dp/B0VH2H63HN,11768.21,2.0
RKWI-HIM-BEA-13504,B0EV8729CI,Himalaya Beauty & Hygiene Product (Single Unit),Himalaya,Beauty & Hygiene,Appario Retail Private Ltd,761.36,559.6,26.5,24,4.6,87,True,https://www.amazon.in/dp/B0EV8729CI,11744.62,7.0
RKWI-NIV-HOM-10234,B007OXK8C1,Nivea Home Care Product (250ml),Nivea,Home Care,Appario Retail Private Ltd,519.65,429.23,17.4,20,3.8,21539,False,https://www.amazon.in/dp/B007OXK8C1,11651.08,9.0
RKWI-L'O-BAB-16924,B0AZFRM5G5,L'Oreal Baby Care Product (Pack of 3),L'Oreal,Baby Care,RK World InfoCom Private Limited,2155.0,1652.88,23.3,43,4.4,8751,True,https://www.amazon.in/dp/B0AZFRM5G5,11570.16,3.0
RKWI-ARI-ORA-13807,B0ZX1QF8J6,Ariel Oral Care Product (1L),Ariel,Oral Care,Appario Retail Private Ltd,1157.27,1039.23,10.2,12,4.5,15147,True,https://www.amazon.in/dp/B0ZX1QF8J6,11431.53,7.0
RKWI-SUR-ORA-15590,B0L4GUDIC4,Surf Excel Oral Care Product (Single Unit),Surf Excel,Oral Care,RK World InfoCom Private Limited,1379.94,1141.21,17.3,49,3.6,4939,True,https://www.amazon.in/dp/B0L4GUDIC4,11412.1,3.0
RKWI-DET-BAB-12300,B0JRF57CPL,Dettol Baby Care Product (Pack of 2),Dettol,Baby Care,RK World InfoCom Private Limited,421.56,330.92,21.5,34,4.0,7186,True,https://www.amazon.in/dp/B0JRF57CPL,11275.640000000001,12.0
RKWI-SUR-BEA-12103,B04VRBJ3HI,Surf Excel Beauty & Hygiene Product (Pack of 2),Surf Excel,Beauty & Hygiene,Cocoblu Retail,1040.93,800.48,23.1,15,4.3,24351,False,https://www.amazon.in/dp/B04VRBJ3HI,11206.720000000001,6.0
RKWI-DOV-BEA-14664,B0CXK5X4LV,Dove Beauty & Hygiene Product (100g),Dove,Beauty & Hygiene,RK World InfoCom Private Limited,940.27,841.54,10.5,10,4.4,9601,True,https://www.amazon.in/dp/B0CXK5X4LV,10940.02,6.0
RKWI-DET-BEA-18583,B0KAE09GUQ,Dettol Beauty & Hygiene Product (1L),Dettol,Beauty & Hygiene,RK World InfoCom Private Limited,739.98,547.59,26.0,44,4.3,1632,True,https://www.amazon.in/dp/B0KAE09GUQ,10867.710000000001,5.0
RKWI-COL-BAB-10592,B007X5IC86,Colgate Baby Care Product (1L),Colgate,Baby Care,RK World InfoCom Private Limited,1786.42,1355.89,24.1,46,4.0,2333,False,https://www.amazon.in/dp/B007X5IC86,10847.12,4.0
RKWI-SEN-HEA-16111,B0755UGM2B,Sensodyne Health & Wellness Product (1L),Sensodyne,Health & Wellness,RK World InfoCom Private Limited,869.39,772.89,11.1,41,3.5,14882,True,https://www.amazon.in/dp/B0755UGM2B,10820.46,5.0
RKWI-VAS-BEA-18037,B00W36W91K,Vaseline Beauty & Hygiene Product (Pack of 2),Vaseline,Beauty & Hygiene,RK World InfoCom Private Limited,350.72,314.25,10.4,46,4.0,23243,True,https://www.amazon.in/dp/B00W36W91K,10422.66,10.0
RKWI-DET-PER-10856,B0C6CQKO5F,Dettol Personal Care Product (Single Unit),Dettol,Personal Care,RK World InfoCom Private Limited,769.39,648.6,15.7,24,4.2,17368,True,https://www.amazon.in/dp/B0C6CQKO5F,10377.6,7.0
RKWI-NIV-HEA-14697,B07AJ9Q42G,Nivea Health & Wellness Product (500g),Nivea,Health & Wellness,RK World InfoCom Private Limited,2001.64,1473.21,26.4,17,3.7,21926,False,https://www.amazon.in/dp/B07AJ9Q42G,10312.470000000001,3.0
RKWI-ARI-ORA-11577,B0GP5LFKEM,Ariel Oral Care Product (Pack of 3),Ariel,Oral Care,Appario Retail Private Ltd,1256.75,931.25,25.9,43,4.6,8695,True,https://www.amazon.in/dp/B0GP5LFKEM,10243.75,3.0
RKWI-SEN-PER-13519,B0ZGQEYNNS,Sensodyne Personal Care Product (Pack of 2),Sensodyne,Personal Care,RK World InfoCom Private Limited,365.31,259.74,28.9,17,4.8,7191,False,https://www.amazon.in/dp/B0ZGQEYNNS,10230.0,9.0
RKWI-VAS-HEA-17078,B0ALKFB1WX,Vaseline Health & Wellness Product (750ml),Vaseline,Health & Wellness,RK World InfoCom Private Limited,2176.74,1689.15,22.4,18,3.9,7136,True,https://www.amazon.in/dp/B0ALKFB1WX,10134.9,2.0
RKWI-SEN-HOM-13949,B0TARLZ0QE,Sensodyne Home Care Product (Single Unit),Sensodyne,Home Care,RK World InfoCom Private Limited,1212.9,1012.77,16.5,32,4.1,11537,True,https://www.amazon.in/dp/B0TARLZ0QE,10127.7,5.0
RKWI-DOV-BAB-14288,B0QXU3BBLC,Dove Baby Care Product (1L),Dove,Baby Care,RK World InfoCom Private Limited,2127.56,1685.03,20.8,19,4.5,14075,True,https://www.amazon.in/dp/B0QXU3BBLC,10110.18,3.0
RKWI-COL-BAB-15702,B0W1HO6O6S,Colgate Baby Care Product (Pack of 2),Colgate,Baby Care,RK World InfoCom Private Limited,1203.55,918.31,23.7,20,4.0,21588,True,https://www.amazon.in/dp/B0W1HO6O6S,10101.41,4.0
RKWI-HIM-HOM-16122,B0OV18ASG7,Himalaya Home Care Product (Single Unit),Himalaya,Home Care,RK World InfoCom Private Limited,561.52,498.07,11.3,14,4.3,15688,True,https://www.amazon.in/dp/B0OV18ASG7,9961.4,6.0
RKWI-COL-PER-14822,B0YXBXAGRX,Colgate Personal Care Product (1L),Colgate,Personal Care,Cocoblu Retail,752.58,660.01,12.3,42,3.9,23079,False,https://www.amazon.in/dp/B0YXBXAGRX,9900.15,6.0
RKWI-VAS-HOM-16312,B0S4VS3XIR,Vaseline Home Care Product (1L),Vaseline,Home Care,RK World InfoCom Private Limited,2247.5,1620.45,27.9,17,3.8,10336,True,https://www.amazon.in/dp/B0S4VS3XIR,9722.7,3.0
RKWI-NIV-HOM-10994,B09LYDA09Q,Nivea Home Care Product (Pack of 2),Nivea,Home Care,RK World InfoCom Private Limited,1902.83,1371.94,27.9,13,4.0,9155,False,https://www.amazon.in/dp/B09LYDA09Q,9603.58,4.0
RKWI-DOV-BAB-15857,B0V32OF6AI,Dove Baby Care Product (100g),Dove,Baby Care,Cloudtail India,819.11,679.04,17.1,15,3.7,24046,True,https://www.amazon.in/dp/B0V32OF6AI,9595.88,7.0
RKWI-DOV-HOM-10466,B0GNLKURLZ,Dove Home Care Product (500g),Dove,Home Care,RK World InfoCom Private Limited,568.72,410.05,27.9,14,3.5,16421,True,https://www.amazon.in/dp/B0GNLKURLZ,9576.15,7.0
RKWI-VAS-HOM-19360,B0MRCM297Y,Vaseline Home Care Product (1L),Vaseline,Home Care,RK World InfoCom Private Limited,2051.42,1899.61,7.4,23,3.6,19558,True,https://www.amazon.in/dp/B0MRCM297Y,9498.05,2.0
RKWI-ARI-ORA-16047,B0XWO1EZCN,Ariel Oral Care Product (Pack of 2),Ariel,Oral Care,RK World InfoCom Private Limited,619.88,462.43,25.4,38,4.4,16695,False,https://www.amazon.in/dp/B0XWO1EZCN,9460.0,8.0
RKWI-ARI-HEA-16837,B08A175CF0,Ariel Health & Wellness Product (500g),Ariel,Health & Wellness,Appario Retail Private Ltd,2325.7,1888.47,18.8,49,4.1,7824,True,https://www.amazon.in/dp/B08A175CF0,9442.35,3.0
RKWI-L'O-HEA-19015,B00RILYYB1,L'Oreal Health & Wellness Product (1L),L'Oreal,Health & Wellness,RK World InfoCom Private Limited,753.06,618.26,17.9,16,4.9,24434,True,https://www.amazon.in/dp/B00RILYYB1,9273.9,6.0
RKWI-PON-ORA-11265,B0IX7BRRBA,Pond's Oral Care Product (Single Unit),Pond's,Oral Care,Appario Retail Private Ltd,688.99,511.92,25.7,22,4.5,10465,False,https://www.amazon.in/dp/B0IX7BRRBA,9214.56,6.0
RKWI-HIM-BAB-12355,B02KQVB3LT,Himalaya Baby Care Product (750ml),Himalaya,Baby Care,RK World InfoCom Private Limited,681.19,602.17,11.6,25,3.7,21473,True,https://www.amazon.in/dp/B02KQVB3LT,9034.89,3.0
RKWI-DOV-PER-17988,B0LQ6D32SD,Dove Personal Care Product (250ml),Dove,Personal Care,RK World InfoCom Private Limited,2023.87,1503.74,25.7,12,3.8,8300,True,https://www.amazon.in/dp/B0LQ6D32SD,9022.44,3.0
RKWI-VAS-BAB-15510,B0XKKVR2SO,Vaseline Baby Care Product (500g),Vaseline,Baby Care,Cloudtail India,1556.7,1281.16,17.7,15,4.8,11054,True,https://www.amazon.in/dp/B0XKKVR2SO,8968.12,2.0
RKWI-PON-HOM-13301,B0X7RWW40H,Pond's Home Care Product (Pack of 2),Pond's,Home Care,RK World InfoCom Private Limited,1711.17,1274.82,25.5,15,4.0,2653,True,https://www.amazon.in/dp/B0X7RWW40H,8923.74,3.0
RKWI-COL-BEA-11740,B02K5TSG5G,Colgate Beauty & Hygiene Product (Pack of 3),Colgate,Beauty & Hygiene,Cocoblu Retail,1222.49,977.99,20.0,15,4.7,16165,True,https://www.amazon.in/dp/B02K5TSG5G,8801.91,5.0
RKWI-ARI-HEA-13186,B0OFEDR1OA,Ariel Health & Wellness Product (Pack of 2),Ariel,Health & Wellness,Appario Retail Private Ltd,678.44,504.08,25.7,12,4.8,17831,False,https://www.amazon.in/dp/B0OFEDR1OA,8777.71,5.0
RKWI-ARI-BEA-13731,B0P1VTJIC1,Ariel Beauty & Hygiene Product (100g),Ariel,Beauty & Hygiene,Appario Retail Private Ltd,1050.17,866.39,17.5,14,4.8,14407,True,https://www.amazon.in/dp/B0P1VTJIC1,8663.9,5.0
RKWI-L'O-ORA-11945,B06E9D70QF,L'Oreal Oral Care Product (500g),L'Oreal,Oral Care,Appario Retail Private Ltd,1697.6,1220.57,28.1,32,4.6,20283,True,https://www.amazon.in/dp/B06E9D70QF,8543.99,2.0
RKWI-HIM-BAB-12689,B0AFC79N1X,Himalaya Baby Care Product (100g),Himalaya,Baby Care,Appario Retail Private Ltd,684.53,605.12,11.6,43,3.9,11012,True,https://www.amazon.in/dp/B0AFC79N1X,8399.1,5.0
RKWI-PON-PER-18499,B026QAVHZ8,Pond's Personal Care Product (1L),Pond's,Personal Care,RK World InfoCom Private Limited,459.87,337.54,26.6,36,3.6,6032,False,https://www.amazon.in/dp/B026QAVHZ8,8360.69,5.0
RKWI-HIM-PER-13332,B0AXIZLESE,Himalaya Personal Care Product (100g),Himalaya,Personal Care,RK World InfoCom Private Limited,923.78,836.02,9.5,40,4.3,3338,True,https://www.amazon.in/dp/B0AXIZLESE,8360.2,4.0
RKWI-NIV-HEA-10208,B022KX7N89,Nivea Health & Wellness Product (Single Unit),Nivea,Health & Wellness,RK World InfoCom Private Limited,849.37,689.69,18.8,23,4.5,6669,True,https://www.amazon.in/dp/B022KX7N89,8276.28,6.0
RKWI-DET-PER-14336,B0VVJJSLAS,Dettol Personal Care Product (Single Unit),Dettol,Personal Care,RK World InfoCom Private Limited,2178.53,2063.07,5.3,30,4.1,443,False,https://www.amazon.in/dp/B0VVJJSLAS,8252.28,1.0
RKWI-PAM-HOM-18795,B0ZQOUY1CP,Pampers Home Care Product (100g),Pampers,Home Care,Cloudtail India,347.86,262.98,24.4,41,3.9,11792,True,https://www.amazon.in/dp/B0ZQOUY1CP,8206.89,8.0
RKWI-DOV-ORA-13562,B0C3FF22W2,Dove Oral Care Product (250ml),Dove,Oral Care,RK World InfoCom Private Limited,608.59,508.78,16.4,27,3.6,12673,True,https://www.amazon.in/dp/B0C3FF22W2,8126.259999999999,4.0
RKWI-COL-BAB-12886,B0UPFJMP9K,Colgate Baby Care Product (500g),Colgate,Baby Care,Appario Retail Private Ltd,569.29,441.2,22.5,20,3.8,17876,True,https://www.amazon.in/dp/B0UPFJMP9K,7924.4,6.0
RKWI-DET-PER-16299,B05FBKV9Y7,Dettol Personal Care Product (250ml),Dettol,Personal Care,Cocoblu Retail,716.54,654.2,8.7,14,4.0,21217,True,https://www.amazon.in/dp/B05FBKV9Y7,7850.4,5.0
RKWI-ARI-HOM-17396,B0FN50AEF8,Ariel Home Care Product (Single Unit),Ariel,Home Care,Appario Retail Private Ltd,271.89,236.82,12.9,23,4.2,7817,True,https://www.amazon.in/dp/B0FN50AEF8,7719.54,10.0
RKWI-COL-ORA-17842,B0B99647UG,Colgate Oral Care Product (250ml),Colgate,Oral Care,RK World InfoCom Private Limited,693.86,487.09,29.8,45,3.8,11695,True,https://www.amazon.in/dp/B0B99647UG,7306.349999999999,8.0
RKWI-HIM-HOM-10502,B0NN6TJ9XP,Himalaya Home Care Product (1L),Himalaya,Home Care,RK World InfoCom Private Limited,434.7,331.68,23.7,15,4.0,23254,True,https://www.amazon.in/dp/B0NN6TJ9XP,7296.96,9.0
RKWI-L'O-BEA-14976,B0RYKGZ6EV,L'Oreal Beauty & Hygiene Product (1L),L'Oreal,Beauty & Hygiene,Appario Retail Private Ltd,517.55,484.94,6.3,37,4.1,19909,False,https://www.amazon.in/dp/B0RYKGZ6EV,7274.1,5.0
RKWI-PAM-PER-10978,B0G1Q8RXLE,Pampers Personal Care Product (500g),Pampers,Personal Care,RK World InfoCom Private Limited,857.41,799.96,6.7,38,3.6,5810,True,https://www.amazon.in/dp/B0G1Q8RXLE,7199.64,5.0
RKWI-DET-BEA-19017,B06LBVTTGB,Dettol Beauty & Hygiene Product (750ml),Dettol,Beauty & Hygiene,RK World InfoCom Private Limited,386.82,326.86,15.5,31,4.2,17230,True,https://www.amazon.in/dp/B06LBVTTGB,7190.92,9.0
RKWI-PON-HEA-14445,B0L1VE3NMN,Pond's Health & Wellness Product (Pack of 3),Pond's,Health & Wellness,RK World InfoCom Private Limited,451.81,421.54,6.7,13,4.2,21073,False,https://www.amazon.in/dp/B0L1VE3NMN,7166.18,7.0
RKWI-VAS-HEA-16552,B042NBNP6W,Vaseline Health & Wellness Product (500g),Vaseline,Health & Wellness,RK World InfoCom Private Limited,424.55,397.38,6.4,43,4.6,8041,True,https://www.amazon.in/dp/B042NBNP6W,7152.84,7.0
RKWI-DOV-BAB-13294,B0N4MOT5CF,Dove Baby Care Product (1L),Dove,Baby Care,Appario Retail Private Ltd,427.25,337.53,21.0,28,4.0,17840,True,https://www.amazon.in/dp/B0N4MOT5CF,7088.129999999999,6.0
RKWI-SEN-HOM-11227,B0CRHM22SN,Sensodyne Home Care Product (Pack of 2),Sensodyne,Home Care,Appario Retail Private Ltd,712.27,574.8,19.3,21,3.7,9629,True,https://www.amazon.in/dp/B0CRHM22SN,7022.46,3.0
RKWI-DET-BEA-13992,B0U1LVN03Y,Dettol Beauty & Hygiene Product (250ml),Dettol,Beauty & Hygiene,RK World InfoCom Private Limited,2074.89,1742.91,16.0,20,3.9,8405,True,https://www.amazon.in/dp/B0U1LVN03Y,6971.64,3.0
RKWI-SEN-BEA-18130,B0HYKLG20R,Sensodyne Beauty & Hygiene Product (Single Unit),Sensodyne,Beauty & Hygiene,Appario Retail Private Ltd,452.04,346.26,23.4,37,3.6,15836,True,https://www.amazon.in/dp/B0HYKLG20R,6925.2,9.0
RKWI-VAS-HEA-16228,B0PSLR2JEZ,Vaseline Health & Wellness Product (Single Unit),Vaseline,Health & Wellness,RK World InfoCom Private Limited,366.77,306.25,16.5,19,4.7,21930,True,https://www.amazon.in/dp/B0PSLR2JEZ,6846.9,4.0
RKWI-L'O-ORA-10355,B06BKADEVV,L'Oreal Oral Care Product (100g),L'Oreal,Oral Care,RK World InfoCom Private Limited,579.06,452.82,21.8,39,3.6,24466,False,https://www.amazon.in/dp/B06BKADEVV,6792.3,6.0
RKWI-ARI-ORA-15062,B0D56IFN1N,Ariel Oral Care Product (100g),Ariel,Oral Care,Cocoblu Retail,1151.78,968.65,15.9,47,4.7,2007,True,https://www.amazon.in/dp/B0D56IFN1N,6780.549999999999,2.0
RKWI-SUR-PER-17157,B0Q3Y35BYL,Surf Excel Personal Care Product (100g),Surf Excel,Personal Care,Cocoblu Retail,867.35,630.56,27.3,40,4.4,5773,True,https://www.amazon.in/dp/B0Q3Y35BYL,6723.07,4.0
RKWI-DOV-BEA-17091,B03BBXFP1U,Dove Beauty & Hygiene Product (Pack of 3),Dove,Beauty & Hygiene,RK World InfoCom Private Limited,944.57,835.0,11.6,21,3.6,11419,True,https://www.amazon.in/dp/B03BBXFP1U,6680.0,3.0
RKWI-COL-HEA-15704,B07YPRBG9B,Colgate Health & Wellness Product (Pack of 2),Colgate,Health & Wellness,RK World InfoCom Private Limited,518.23,391.78,24.4,15,3.5,24594,True,https://www.amazon.in/dp/B07YPRBG9B,6660.259999999999,7.0
RKWI-HIM-ORA-15059,B0ZFM8JV1U,Himalaya Oral Care Product (750ml),Himalaya,Oral Care,RK World InfoCom Private Limited,1308.73,1107.19,15.4,30,4.6,1430,True,https://www.amazon.in/dp/B0ZFM8JV1U,6643.14,3.0
RKWI-ARI-BAB-11326,B0WMKCWJ77,Ariel Baby Care Product (250ml),Ariel,Baby Care,RK World InfoCom Private Limited,374.77,350.04,6.6,13,4.0,5309,False,https://www.amazon.in/dp/B0WMKCWJ77,6567.71,7.0
RKWI-SUR-BAB-13090,B0WJ4X1JNU,Surf Excel Baby Care Product (500g),Surf Excel,Baby Care,RK World InfoCom Private Limited,1508.35,1312.26,13.0,15,4.6,21382,True,https://www.amazon.in/dp/B0WJ4X1JNU,6561.3,3.0
RKWI-PON-BEA-17957,B0CPPOCBDM,Pond's Beauty & Hygiene Product (100g),Pond's,Beauty & Hygiene,RK World InfoCom Private Limited,1237.96,923.52,25.4,31,4.0,11238,True,https://www.amazon.in/dp/B0CPPOCBDM,6464.639999999999,6.0
RKWI-HIM-BEA-16756,B0TIWBFT5I,Himalaya Beauty & Hygiene Product (500g),Himalaya,Beauty & Hygiene,Appario Retail Private Ltd,1117.98,801.59,28.3,19,4.5,8185,True,https://www.amazon.in/dp/B0TIWBFT5I,6412.72,4.0
RKWI-SEN-ORA-13812,B0JC79RZC0,Sensodyne Oral Care Product (100g),Sensodyne,Oral Care,RK World InfoCom Private Limited,488.1,424.65,13.0,24,4.2,24030,False,https://www.amazon.in/dp/B0JC79RZC0,6369.75,4.0
RKWI-PON-HEA-14998,B0G3U57V38,Pond's Health & Wellness Product (250ml),Pond's,Health & Wellness,RK World InfoCom Private Limited,299.58,270.52,9.7,17,4.6,8843,True,https://www.amazon.in/dp/B0G3U57V38,6341.76,7.0
RKWI-DOV-ORA-16923,B0MY8EVZA7,Dove Oral Care Product (750ml),Dove,Oral Care,Appario Retail Private Ltd,1202.11,1056.65,12.1,16,3.7,3878,True,https://www.amazon.in/dp/B0MY8EVZA7,6339.900000000001,2.0
RKWI-COL-PER-14712,B0ZHM54SNE,Colgate Personal Care Product (250ml),Colgate,Personal Care,RK World InfoCom Private Limited,1162.25,899.58,22.6,12,4.0,21604,True,https://www.amazon.in/dp/B0ZHM54SNE,6297.06,4.0
RKWI-COL-HEA-12759,B0Z8FIRMCL,Colgate Health & Wellness Product (500g),Colgate,Health & Wellness,RK World InfoCom Private Limited,1556.29,1245.03,20.0,34,4.4,20399,True,https://www.amazon.in/dp/B0Z8FIRMCL,6225.15,3.0
RKWI-VAS-HOM-19887,B05N4NNMCV,Vaseline Home Care Product (100g),Vaseline,Home Care,RK World InfoCom Private Limited,911.9,772.38,15.3,38,3.9,7084,True,https://www.amazon.in/dp/B05N4NNMCV,6179.04,3.0
RKWI-HIM-BAB-12421,B0A5QUB00M,Himalaya Baby Care Product (Pack of 2),Himalaya,Baby Care,RK World InfoCom Private Limited,467.58,327.31,30.0,21,3.9,21233,True,https://www.amazon.in/dp/B0A5QUB00M,6067.2,7.0
RKWI-HIM-BEA-15533,B03B4BZENK,Himalaya Beauty & Hygiene Product (750ml),Himalaya,Beauty & Hygiene,RK World InfoCom Private Limited,1246.57,1010.97,18.9,11,4.4,18496,True,https://www.amazon.in/dp/B03B4BZENK,6065.82,2.0
RKWI-VAS-PER-19625,B0GO5UF4ZK,Vaseline Personal Care Product (100g),Vaseline,Personal Care,Cocoblu Retail,749.19,671.27,10.4,10,3.9,9128,True,https://www.amazon.in/dp/B0GO5UF4ZK,6041.43,5.0
RKWI-PON-HEA-10125,B02LK2N7H9,Pond's Health & Wellness Product (750ml),Pond's,Health & Wellness,Cloudtail India,530.83,402.37,24.2,37,4.8,15141,False,https://www.amazon.in/dp/B02LK2N7H9,6035.55,6.0
RKWI-SEN-PER-15738,B0HH5NIB0N,Sensodyne Personal Care Product (750ml),Sensodyne,Personal Care,RK World InfoCom Private Limited,467.47,395.48,15.4,18,3.8,8983,True,https://www.amazon.in/dp/B0HH5NIB0N,5932.200000000001,7.0
RKWI-SUR-HEA-14488,B0KAX11M5Y,Surf Excel Health & Wellness Product (750ml),Surf Excel,Health & Wellness,RK World InfoCom Private Limited,327.25,299.76,8.4,20,4.5,12134,True,https://www.amazon.in/dp/B0KAX11M5Y,5881.889999999999,7.0
RKWI-DET-BEA-16231,B09A645E4O,Dettol Beauty & Hygiene Product (750ml),Dettol,Beauty & Hygiene,Cloudtail India,613.94,581.4,5.3,13,4.8,13451,True,https://www.amazon.in/dp/B09A645E4O,5814.0,3.0
RKWI-DET-BEA-12792,B01KJ49YQM,Dettol Beauty & Hygiene Product (500g),Dettol,Beauty & Hygiene,Appario Retail Private Ltd,653.24,578.77,11.4,11,4.8,12606,True,https://www.amazon.in/dp/B01KJ49YQM,5787.7,6.0
RKWI-COL-BAB-17756,B0PZPM8882,Colgate Baby Care Product (Pack of 2),Colgate,Baby Care,RK World InfoCom Private Limited,1108.46,948.84,14.4,11,3.5,24956,True,https://www.amazon.in/dp/B0PZPM8882,5693.04,2.0
RKWI-PON-PER-12555,B0REPRDLX9,Pond's Personal Care Product (250ml),Pond's,Personal Care,RK World InfoCom Private Limited,566.13,420.07,25.8,14,4.7,3164,True,https://www.amazon.in/dp/B0REPRDLX9,5560.85,3.0
RKWI-VAS-ORA-17719,B0BZ20907S,Vaseline Oral Care Product (250ml),Vaseline,Oral Care,Appario Retail Private Ltd,1016.93,734.22,27.8,28,3.7,4324,True,https://www.amazon.in/dp/B0BZ20907S,5546.7,1.0
RKWI-L'O-HOM-12799,B062VJUR5U,L'Oreal Home Care Product (250ml),L'Oreal,Home Care,RK World InfoCom Private Limited,783.74,591.72,24.5,12,4.1,6231,True,https://www.amazon.in/dp/B062VJUR5U,5487.52,4.0
RKWI-DOV-BAB-15655,B0HCYB9912,Dove Baby Care Product (1L),Dove,Baby Care,RK World InfoCom Private Limited,952.47,684.83,28.1,46,3.7,20726,True,https://www.amazon.in/dp/B0HCYB9912,5478.64,4.0
RKWI-SUR-PER-18138,B06UFJUGLX,Surf Excel Personal Care Product (750ml),Surf Excel,Personal Care,Cocoblu Retail,363.6,298.88,17.8,37,4.9,9726,True,https://www.amazon.in/dp/B06UFJUGLX,5440.71,5.0
RKWI-DOV-PER-18869,B0FHN1241R,Dove Personal Care Product (Pack of 3),Dove,Personal Care,RK World InfoCom Private Limited,451.07,416.34,7.7,35,4.7,23914,True,https://www.amazon.in/dp/B0FHN1241R,5412.42,5.0
RKWI-PON-ORA-15084,B0OPSNT9W3,Pond's Oral Care Product (Pack of 2),Pond's,Oral Care,RK World InfoCom Private Limited,715.26,540.74,24.4,40,3.7,16809,True,https://www.amazon.in/dp/B0OPSNT9W3,5407.4,4.0
RKWI-DET-PER-19302,B0T12EDM4E,Dettol Personal Care Product (Pack of 2),Dettol,Personal Care,RK World InfoCom Private Limited,498.41,447.57,10.2,29,4.4,3189,True,https://www.amazon.in/dp/B0T12EDM4E,5370.84,6.0
RKWI-DET-PER-14153,B0QFWQSWE9,Dettol Personal Care Product (Pack of 2),Dettol,Personal Care,Appario Retail Private Ltd,1887.25,1758.92,6.8,10,4.9,22416,True,https://www.amazon.in/dp/B0QFWQSWE9,5276.76,1.0
RKWI-COL-BEA-19076,B0DRA50BOF,Colgate Beauty & Hygiene Product (750ml),Colgate,Beauty & Hygiene,RK World InfoCom Private Limited,1066.89,878.05,17.7,40,3.7,13738,True,https://www.amazon.in/dp/B0DRA50BOF,5268.299999999999,4.0
RKWI-DOV-BAB-13277,B0H9U0WTFP,Dove Baby Care Product (500g),Dove,Baby Care,RK World InfoCom Private Limited,637.23,567.13,11.0,24,4.5,23419,True,https://www.amazon.in/dp/B0H9U0WTFP,5104.17,3.0
RKWI-SUR-HOM-16551,B0ADGC9B7X,Surf Excel Home Care Product (100g),Surf Excel,Home Care,Appario Retail Private Ltd,802.48,633.16,21.1,16,4.1,11144,False,https://www.amazon.in/dp/B0ADGC9B7X,5065.28,3.0
RKWI-L'O-HEA-12474,B0YK83GSGC,L'Oreal Health & Wellness Product (100g),L'Oreal,Health & Wellness,Appario Retail Private Ltd,591.54,459.63,22.3,44,4.8,17877,True,https://www.amazon.in/dp/B0YK83GSGC,5055.93,4.0
RKWI-DOV-BAB-15766,B05P0IJHP4,Dove Baby Care Product (Pack of 2),Dove,Baby Care,Cloudtail India,1895.35,1681.18,11.3,15,4.6,13153,False,https://www.amazon.in/dp/B05P0IJHP4,5043.54,2.0
RKWI-COL-HOM-16148,B0TWYQ5RLA,Colgate Home Care Product (Single Unit),Colgate,Home Care,RK World InfoCom Private Limited,351.18,326.95,6.9,25,3.7,11207,True,https://www.amazon.in/dp/B0TWYQ5RLA,4976.92,6.0
RKWI-PON-HOM-15054,B0XC9AA8NE,Pond's Home Care Product (250ml),Pond's,Home Care,RK World InfoCom Private Limited,1477.72,1232.42,16.6,18,4.6,9788,True,https://www.amazon.in/dp/B0XC9AA8NE,4929.68,3.0
RKWI-NIV-BEA-14566,B003RK3MZG,Nivea Beauty & Hygiene Product (Pack of 3),Nivea,Beauty & Hygiene,RK World InfoCom Private Limited,606.45,445.74,26.5,18,4.1,22929,True,https://www.amazon.in/dp/B003RK3MZG,4903.14,4.0
RKWI-NIV-HEA-15674,B01UZUKPIH,Nivea Health & Wellness Product (100g),Nivea,Health & Wellness,RK World InfoCom Private Limited,309.51,262.77,15.1,23,4.7,13009,True,https://www.amazon.in/dp/B01UZUKPIH,4778.37,4.0
RKWI-DET-BEA-12749,B033BQ85UV,Dettol Beauty & Hygiene Product (Single Unit),Dettol,Beauty & Hygiene,RK World InfoCom Private Limited,868.13,679.75,21.7,10,4.3,12965,True,https://www.amazon.in/dp/B033BQ85UV,4758.25,4.0
RKWI-L'O-ORA-13894,B073D95CEE,L'Oreal Oral Care Product (100g),L'Oreal,Oral Care,RK World InfoCom Private Limited,1515.61,1174.6,22.5,14,4.1,3894,True,https://www.amazon.in/dp/B073D95CEE,4698.4,1.0
RKWI-VAS-HOM-17229,B0SPIXCD55,Vaseline Home Care Product (250ml),Vaseline,Home Care,RK World InfoCom Private Limited,1752.42,1559.65,11.0,40,4.4,20051,False,https://www.amazon.in/dp/B0SPIXCD55,4678.950000000001,2.0
RKWI-SEN-BAB-11776,B0Q53UTIUM,Sensodyne Baby Care Product (Pack of 2),Sensodyne,Baby Care,RK World InfoCom Private Limited,1576.53,1146.14,27.3,10,3.8,10990,True,https://www.amazon.in/dp/B0Q53UTIUM,4584.56,1.0
RKWI-L'O-PER-18744,B0J13Q1JNP,L'Oreal Personal Care Product (Pack of 3),L'Oreal,Personal Care,Appario Retail Private Ltd,976.44,753.81,22.8,47,3.6,8407,True,https://www.amazon.in/dp/B0J13Q1JNP,4522.86,3.0
RKWI-L'O-HOM-16288,B0KC3DQ0E7,L'Oreal Home Care Product (Pack of 2),L'Oreal,Home Care,RK World InfoCom Private Limited,388.35,292.04,24.8,11,4.8,1071,True,https://www.amazon.in/dp/B0KC3DQ0E7,4380.6,6.0
RKWI-SUR-HEA-19103,B0YY82Y1YG,Surf Excel Health & Wellness Product (750ml),Surf Excel,Health & Wellness,RK World InfoCom Private Limited,531.86,392.51,26.2,42,3.5,6552,True,https://www.amazon.in/dp/B0YY82Y1YG,4317.61,3.0
RKWI-PON-HOM-12078,B0ZJ4O99P1,Pond's Home Care Product (250ml),Pond's,Home Care,Appario Retail Private Ltd,445.51,331.46,25.6,16,3.5,2392,False,https://www.amazon.in/dp/B0ZJ4O99P1,4308.98,5.0
RKWI-COL-BAB-10118,B0YUJ7YKTX,Colgate Baby Care Product (1L),Colgate,Baby Care,Cloudtail India,529.45,390.2,26.3,26,4.8,19250,True,https://www.amazon.in/dp/B0YUJ7YKTX,4292.2,7.0
RKWI-SEN-HOM-17829,B0VMV3UYGH,Sensodyne Home Care Product (1L),Sensodyne,Home Care,Appario Retail Private Ltd,203.1,160.25,21.1,48,4.8,15835,True,https://www.amazon.in/dp/B0VMV3UYGH,4167.7,8.0
RKWI-NIV-HOM-13639,B08D2A9RW3,Nivea Home Care Product (1L),Nivea,Home Care,RK World InfoCom Private Limited,625.08,510.07,18.4,12,4.0,6141,True,https://www.amazon.in/dp/B08D2A9RW3,4080.56,4.0
RKWI-COL-BEA-10991,B0U9SSBU7G,Colgate Beauty & Hygiene Product (500g),Colgate,Beauty & Hygiene,Cloudtail India,389.7,290.72,25.4,25,3.8,5773,False,https://www.amazon.in/dp/B0U9SSBU7G,4070.08,5.0
RKWI-DOV-HEA-10845,B072UQLN6B,Dove Health & Wellness Product (1L),Dove,Health & Wellness,Cocoblu Retail,550.39,444.16,19.3,27,4.9,12222,True,https://www.amazon.in/dp/B072UQLN6B,3997.4400000000005,3.0
RKWI-HIM-PER-15317,B0VN1BE5XN,Himalaya Personal Care Product (1L),Himalaya,Personal Care,RK World InfoCom Private Limited,122.2,103.38,15.4,45,3.9,1591,True,https://www.amazon.in/dp/B0VN1BE5XN,3983.54,7.0
RKWI-DET-BAB-10342,B0YXFIBLEJ,Dettol Baby Care Product (500g),Dettol,Baby Care,Cocoblu Retail,541.79,438.31,19.1,45,4.4,11282,True,https://www.amazon.in/dp/B0YXFIBLEJ,3944.79,3.0
RKWI-SEN-BAB-11305,B0NYKS9URX,Sensodyne Baby Care Product (Pack of 3),Sensodyne,Baby Care,Appario Retail Private Ltd,633.65,562.05,11.3,29,4.7,19167,True,https://www.amazon.in/dp/B0NYKS9URX,3934.35,3.0
RKWI-DOV-PER-14127,B01O5OGI4M,Dove Personal Care Product (Pack of 3),Dove,Personal Care,Cocoblu Retail,417.28,371.8,10.9,36,4.6,23203,True,https://www.amazon.in/dp/B01O5OGI4M,3924.69,3.0
RKWI-DET-HOM-14185,B0HV4XNUT7,Dettol Home Care Product (Pack of 3),Dettol,Home Care,RK World InfoCom Private Limited,787.58,627.7,20.3,29,4.8,13337,True,https://www.amazon.in/dp/B0HV4XNUT7,3766.2,3.0
RKWI-COL-BEA-12908,B0E23SRB3X,Colgate Beauty & Hygiene Product (1L),Colgate,Beauty & Hygiene,RK World InfoCom Private Limited,252.23,187.41,25.7,35,4.5,18951,True,https://www.amazon.in/dp/B0E23SRB3X,3748.2,7.0
RKWI-ARI-HOM-18346,B05NFJ9DRT,Ariel Home Care Product (Pack of 2),Ariel,Home Care,Appario Retail Private Ltd,445.91,360.74,19.1,45,4.4,5646,True,https://www.amazon.in/dp/B05NFJ9DRT,3607.4,4.0
RKWI-DOV-HOM-15978,B0NKW0TTAV,Dove Home Care Product (1L),Dove,Home Care,RK World InfoCom Private Limited,223.87,168.35,24.8,41,4.2,19194,True,https://www.amazon.in/dp/B0NKW0TTAV,3571.2,5.0
RKWI-HIM-BAB-13559,B02CTYFKKP,Himalaya Baby Care Product (100g),Himalaya,Baby Care,RK World InfoCom Private Limited,320.64,237.27,26.0,45,4.1,22507,False,https://www.amazon.in/dp/B02CTYFKKP,3559.05,6.0
RKWI-COL-ORA-15022,B0U8LK1NEX,Colgate Oral Care Product (Pack of 3),Colgate,Oral Care,Appario Retail Private Ltd,480.3,444.28,7.5,45,4.5,10648,True,https://www.amazon.in/dp/B0U8LK1NEX,3554.24,2.0
RKWI-SEN-HOM-17127,B0H4REAQE6,Sensodyne Home Care Product (100g),Sensodyne,Home Care,Cocoblu Retail,172.76,145.12,16.0,46,3.9,24964,True,https://www.amazon.in/dp/B0H4REAQE6,3554.11,8.0
RKWI-DET-BAB-11414,B0NKYP1M2V,Dettol Baby Care Product (100g),Dettol,Baby Care,RK World InfoCom Private Limited,297.28,212.26,28.6,48,4.5,3166,True,https://www.amazon.in/dp/B0NKYP1M2V,3438.06,6.0
RKWI-VAS-HEA-13007,B0D5EUSC74,Vaseline Health & Wellness Product (Pack of 3),Vaseline,Health & Wellness,Cocoblu Retail,292.66,213.93,26.9,32,3.6,9074,True,https://www.amazon.in/dp/B0D5EUSC74,3422.88,6.0
RKWI-NIV-BAB-10894,B043I21PU8,Nivea Baby Care Product (1L),Nivea,Baby Care,RK World InfoCom Private Limited,230.45,182.98,20.6,33,4.9,15513,True,https://www.amazon.in/dp/B043I21PU8,3351.77,3.0
RKWI-ARI-HOM-13372,B0APU975FI,Ariel Home Care Product (750ml),Ariel,Home Care,Appario Retail Private Ltd,1011.7,836.68,17.3,41,4.1,8014,True,https://www.amazon.in/dp/B0APU975FI,3346.72,3.0
RKWI-PAM-PER-12410,B0W5448M46,Pampers Personal Care Product (Pack of 2),Pampers,Personal Care,Appario Retail Private Ltd,626.35,464.13,25.9,22,4.0,9725,True,https://www.amazon.in/dp/B0W5448M46,3248.91,4.0
RKWI-DET-HOM-15555,B0KCJXH840,Dettol Home Care Product (250ml),Dettol,Home Care,RK World InfoCom Private Limited,299.88,230.61,23.1,20,3.6,1694,True,https://www.amazon.in/dp/B0KCJXH840,3228.54,6.0
RKWI-DET-PER-19878,B0HUTXOBMM,Dettol Personal Care Product (1L),Dettol,Personal Care,RK World InfoCom Private Limited,568.93,467.66,17.8,46,4.8,878,False,https://www.amazon.in/dp/B0HUTXOBMM,3221.26,2.0
RKWI-HIM-HOM-11550,B0CETH28IM,Himalaya Home Care Product (Single Unit),Himalaya,Home Care,RK World InfoCom Private Limited,354.53,319.79,9.8,17,3.6,6226,True,https://www.amazon.in/dp/B0CETH28IM,3063.2300000000005,4.0
RKWI-SEN-BEA-17799,B0QBCXF86V,Sensodyne Beauty & Hygiene Product (500g),Sensodyne,Beauty & Hygiene,RK World InfoCom Private Limited,208.21,169.48,18.6,24,3.6,14032,True,https://www.amazon.in/dp/B0QBCXF86V,3050.64,8.0
RKWI-DOV-BEA-19287,B0MPDFI0F2,Dove Beauty & Hygiene Product (1L),Dove,Beauty & Hygiene,Cloudtail India,258.2,233.15,9.7,26,3.9,21583,True,https://www.amazon.in/dp/B0MPDFI0F2,3030.95,7.0
RKWI-COL-HOM-10779,B0NUFBHGP5,Colgate Home Care Product (100g),Colgate,Home Care,RK World InfoCom Private Limited,281.64,238.27,15.4,32,3.9,1161,False,https://www.amazon.in/dp/B0NUFBHGP5,3028.96,2.0
RKWI-L'O-HOM-14549,B0I0B5DJAK,L'Oreal Home Care Product (1L),L'Oreal,Home Care,RK World InfoCom Private Limited,275.87,230.9,16.3,33,4.5,16048,True,https://www.amazon.in/dp/B0I0B5DJAK,3001.7,4.0
RKWI-COL-ORA-18877,B08QD8QMG6,Colgate Oral Care Product (750ml),Colgate,Oral Care,Appario Retail Private Ltd,639.36,487.19,23.8,19,3.9,21144,True,https://www.amazon.in/dp/B08QD8QMG6,2923.14,2.0
RKWI-DET-HOM-17312,B031VGRPI4,Dettol Home Care Product (100g),Dettol,Home Care,Appario Retail Private Ltd,134.82,112.57,16.5,38,3.5,7342,True,https://www.amazon.in/dp/B031VGRPI4,2773.35,7.0
RKWI-SEN-HOM-13981,B0OVRBQ3K9,Sensodyne Home Care Product (1L),Sensodyne,Home Care,RK World InfoCom Private Limited,344.31,249.28,27.6,26,4.5,16739,True,https://www.amazon.in/dp/B0OVRBQ3K9,2742.08,4.0
RKWI-VAS-ORA-18980,B0VFKMMAL6,Vaseline Oral Care Product (1L),Vaseline,Oral Care,Appario Retail Private Ltd,596.47,450.93,24.4,23,4.0,14249,True,https://www.amazon.in/dp/B0VFKMMAL6,2705.58,3.0
RKWI-ARI-HOM-19228,B0PN2BIOIO,Ariel Home Care Product (1L),Ariel,Home Care,Cocoblu Retail,322.84,278.61,13.7,23,3.8,16350,True,https://www.amazon.in/dp/B0PN2BIOIO,2507.4900000000002,4.0
RKWI-VAS-BEA-11984,B0ARBBR7DK,Vaseline Beauty & Hygiene Product (750ml),Vaseline,Beauty & Hygiene,Cocoblu Retail,674.07,493.42,26.8,42,4.9,9117,True,https://www.amazon.in/dp/B0ARBBR7DK,2467.1,2.0
RKWI-COL-HOM-16419,B0630RJN3R,Colgate Home Care Product (100g),Colgate,Home Care,RK World InfoCom Private Limited,220.91,186.45,15.6,17,4.0,9224,True,https://www.amazon.in/dp/B0630RJN3R,2423.85,5.0
RKWI-PAM-HEA-18157,B0E4U8CDC5,Pampers Health & Wellness Product (1L),Pampers,Health & Wellness,RK World InfoCom Private Limited,376.99,268.04,28.9,21,4.0,15488,True,https://www.amazon.in/dp/B0E4U8CDC5,2412.36,3.0
RKWI-ARI-PER-17765,B0LUC8L9V3,Ariel Personal Care Product (Pack of 2),Ariel,Personal Care,Cloudtail India,250.32,216.28,13.6,24,3.8,18930,True,https://www.amazon.in/dp/B0LUC8L9V3,2379.08,3.0
RKWI-DOV-BAB-15520,B0KI52UWYM,Dove Baby Care Product (750ml),Dove,Baby Care,RK World InfoCom Private Limited,160.36,119.95,25.2,47,4.6,2300,True,https://www.amazon.in/dp/B0KI52UWYM,2372.02,5.0
RKWI-NIV-HEA-19548,B0DBWQ5KEO,Nivea Health & Wellness Product (1L),Nivea,Health & Wellness,RK World InfoCom Private Limited,237.29,167.76,29.3,33,4.9,9250,False,https://www.amazon.in/dp/B0DBWQ5KEO,2348.64,8.0
RKWI-PAM-ORA-19630,B0DFBRI65V,Pampers Oral Care Product (1L),Pampers,Oral Care,Appario Retail Private Ltd,201.64,184.7,8.4,49,4.8,102,False,https://www.amazon.in/dp/B0DFBRI65V,2299.8,1.0
RKWI-SEN-HOM-18598,B0V9I2QRB5,Sensodyne Home Care Product (250ml),Sensodyne,Home Care,RK World InfoCom Private Limited,302.52,225.98,25.3,20,3.9,12156,True,https://www.amazon.in/dp/B0V9I2QRB5,2259.7999999999997,4.0
RKWI-VAS-BEA-14464,B0IDI5CM15,Vaseline Beauty & Hygiene Product (100g),Vaseline,Beauty & Hygiene,RK World InfoCom Private Limited,229.22,186.81,18.5,22,4.8,21587,True,https://www.amazon.in/dp/B0IDI5CM15,2241.72,5.0
RKWI-ARI-BAB-19722,B08Z1EDUD1,Ariel Baby Care Product (500g),Ariel,Baby Care,RK World InfoCom Private Limited,857.71,706.75,17.6,49,3.9,2900,True,https://www.amazon.in/dp/B08Z1EDUD1,2120.25,2.0
RKWI-SEN-PER-11710,B0FK5MGC3E,Sensodyne Personal Care Product (Single Unit),Sensodyne,Personal Care,Appario Retail Private Ltd,282.6,230.04,18.6,24,4.2,6110,True,https://www.amazon.in/dp/B0FK5MGC3E,2070.3599999999997,3.0
RKWI-DET-ORA-11258,B0773T93X4,Dettol Oral Care Product (Single Unit),Dettol,Oral Care,RK World InfoCom Private Limited,1064.52,976.16,8.3,14,3.6,21605,True,https://www.amazon.in/dp/B0773T93X4,1952.32,2.0
RKWI-ARI-ORA-10838,B0576VILVQ,Ariel Oral Care Product (250ml),Ariel,Oral Care,RK World InfoCom Private Limited,819.68,645.09,21.3,49,4.6,21918,False,https://www.amazon.in/dp/B0576VILVQ,1935.27,3.0
RKWI-SEN-PER-17000,B0TG6KMDVH,Sensodyne Personal Care Product (500g),Sensodyne,Personal Care,RK World InfoCom Private Limited,2377.8,1864.2,21.6,13,3.8,20400,True,https://www.amazon.in/dp/B0TG6KMDVH,1864.2,1.0
RKWI-PON-ORA-12227,B00MWFS58B,Pond's Oral Care Product (100g),Pond's,Oral Care,RK World InfoCom Private Limited,1187.25,920.12,22.5,34,4.0,6237,False,https://www.amazon.in/dp/B00MWFS58B,1840.24,1.0
RKWI-SEN-BAB-19944,B09IVOI4PW,Sensodyne Baby Care Product (Single Unit),Sensodyne,Baby Care,RK World InfoCom Private Limited,149.01,105.95,28.9,18,4.5,16722,True,https://www.amazon.in/dp/B09IVOI4PW,1767.5,7.0
RKWI-SEN-ORA-14084,B09MAWOBPK,Sensodyne Oral Care Product (250ml),Sensodyne,Oral Care,RK World InfoCom Private Limited,113.59,102.0,10.2,40,4.5,10510,True,https://www.amazon.in/dp/B09MAWOBPK,1762.65,3.0
RKWI-ARI-BAB-16311,B05N0S5YD4,Ariel Baby Care Product (500g),Ariel,Baby Care,RK World InfoCom Private Limited,158.74,139.53,12.1,35,4.9,9231,True,https://www.amazon.in/dp/B05N0S5YD4,1733.04,4.0
RKWI-VAS-PER-12638,B0I0VP1DZX,Vaseline Personal Care Product (Pack of 3),Vaseline,Personal Care,RK World InfoCom Private Limited,530.33,427.98,19.3,23,3.7,19467,True,https://www.amazon.in/dp/B0I0VP1DZX,1711.92,2.0
RKWI-ARI-HEA-16604,B0X89DMP79,Ariel Health & Wellness Product (Single Unit),Ariel,Health & Wellness,RK World InfoCom Private Limited,159.51,126.97,20.4,33,4.2,21700,True,https://www.amazon.in/dp/B0X89DMP79,1650.6100000000001,4.0
RKWI-HIM-BEA-13772,B0Q6PTIPVP,Himalaya Beauty & Hygiene Product (100g),Himalaya,Beauty & Hygiene,RK World InfoCom Private Limited,137.98,106.38,22.9,24,3.9,12613,True,https://www.amazon.in/dp/B0Q6PTIPVP,1595.6999999999998,6.0
RKWI-DET-ORA-15790,B0QQMQKWN8,Dettol Oral Care Product (250ml),Dettol,Oral Care,Appario Retail Private Ltd,107.48,93.94,12.6,43,3.6,19441,True,https://www.amazon.in/dp/B0QQMQKWN8,1593.1100000000001,5.0
RKWI-SEN-HEA-10588,B00PT2DA8D,Sensodyne Health & Wellness Product (Pack of 2),Sensodyne,Health & Wellness,RK World InfoCom Private Limited,178.77,163.57,8.5,15,4.0,13385,True,https://www.amazon.in/dp/B00PT2DA8D,1588.55,3.0
RKWI-L'O-PER-14087,B0RWSB4HY6,L'Oreal Personal Care Product (Single Unit),L'Oreal,Personal Care,Appario Retail Private Ltd,123.75,110.88,10.4,12,3.9,19550,True,https://www.amazon.in/dp/B0RWSB4HY6,1552.32,5.0
RKWI-VAS-PER-12147,B0CL3O4U8I,Vaseline Personal Care Product (Single Unit),Vaseline,Personal Care,RK World InfoCom Private Limited,1022.87,772.27,24.5,42,4.4,22532,True,https://www.amazon.in/dp/B0CL3O4U8I,1544.54,2.0
RKWI-ARI-ORA-14884,B0QEH0Q6SS,Ariel Oral Care Product (100g),Ariel,Oral Care,Cocoblu Retail,230.0,171.35,25.5,10,4.2,1561,False,https://www.amazon.in/dp/B0QEH0Q6SS,1542.1499999999999,3.0
RKWI-COL-BAB-14771,B0TEY8UKNR,Colgate Baby Care Product (500g),Colgate,Baby Care,RK World InfoCom Private Limited,150.84,124.9,17.2,39,4.9,24811,False,https://www.amazon.in/dp/B0TEY8UKNR,1498.8000000000002,6.0
RKWI-PON-BAB-16202,B0SJTI9MAP,Pond's Baby Care Product (500g),Pond's,Baby Care,RK World InfoCom Private Limited,198.38,148.39,25.2,26,3.9,5397,True,https://www.amazon.in/dp/B0SJTI9MAP,1483.8999999999999,4.0
RKWI-NIV-BAB-15901,B08YJ50QF5,Nivea Baby Care Product (Single Unit),Nivea,Baby Care,RK World InfoCom Private Limited,1700.65,1460.86,14.1,12,3.7,16979,True,https://www.amazon.in/dp/B08YJ50QF5,1460.86,1.0
RKWI-COL-HEA-17608,B0FNJ62OV6,Colgate Health & Wellness Product (100g),Colgate,Health & Wellness,Appario Retail Private Ltd,204.44,153.13,25.1,16,3.9,11317,True,https://www.amazon.in/dp/B0FNJ62OV6,1378.17,4.0
RKWI-COL-ORA-16626,B0S8O3P5UM,Colgate Oral Care Product (Single Unit),Colgate,Oral Care,RK World InfoCom Private Limited,792.9,638.28,19.5,27,4.2,20238,True,https://www.amazon.in/dp/B0S8O3P5UM,1276.56,1.0
RKWI-DET-HEA-11167,B0BQGBPADU,Dettol Health & Wellness Product (Single Unit),Dettol,Health & Wellness,RK World InfoCom Private Limited,1352.69,1129.5,16.5,40,3.6,24448,False,https://www.amazon.in/dp/B0BQGBPADU,1129.5,1.0
RKWI-DET-HOM-12805,B0QOE5IOMQ,Dettol Home Care Product (100g),Dettol,Home Care,Appario Retail Private Ltd,320.06,225.32,29.6,29,3.8,13482,True,https://www.amazon.in/dp/B0QOE5IOMQ,1126.6,2.0
RKWI-PON-BAB-13903,B03ZVTPH61,Pond's Baby Care Product (Single Unit),Pond's,Baby Care,Appario Retail Private Ltd,689.52,561.27,18.6,42,3.6,15381,True,https://www.amazon.in/dp/B03ZVTPH61,1122.54,1.0
RKWI-HIM-HEA-19807,B0B1G8F0DW,Himalaya Health & Wellness Product (Pack of 3),Himalaya,Health & Wellness,RK World InfoCom Private Limited,101.41,95.12,6.2,20,4.3,15226,False,https://www.amazon.in/dp/B0B1G8F0DW,1046.3200000000002,5.0
RKWI-HIM-PER-10457,B0PVBNHI6H,Himalaya Personal Care Product (Single Unit),Himalaya,Personal Care,Appario Retail Private Ltd,137.49,129.65,5.7,24,4.0,6311,True,https://www.amazon.in/dp/B0PVBNHI6H,1037.2,3.0
RKWI-HIM-PER-11439,B0BPM9DBEZ,Himalaya Personal Care Product (1L),Himalaya,Personal Care,RK World InfoCom Private Limited,110.68,77.7,29.8,33,4.4,18441,True,https://www.amazon.in/dp/B0BPM9DBEZ,854.7,4.0
RKWI-SUR-BEA-12089,B00RNWK1S2,Surf Excel Beauty & Hygiene Product (750ml),Surf Excel,Beauty & Hygiene,RK World InfoCom Private Limited,103.48,90.65,12.4,18,4.7,23278,True,https://www.amazon.in/dp/B00RNWK1S2,805.94,2.0
RKWI-PON-HEA-19059,B0DT16LXWD,Pond's Health & Wellness Product (500g),Pond's,Health & Wellness,Appario Retail Private Ltd,112.03,96.35,14.0,40,4.8,23475,True,https://www.amazon.in/dp/B0DT16LXWD,770.8,4.0
RKWI-HIM-ORA-16480,B01SS9R4RN,Himalaya Oral Care Product (Pack of 3),Himalaya,Oral Care,RK World InfoCom Private Limited,110.55,95.4,13.7,24,4.0,12971,True,https://www.amazon.in/dp/B01SS9R4RN,763.2,3.0
RKWI-DOV-PER-10829,B00FP672ZF,Dove Personal Care Product (250ml),Dove,Personal Care,RK World InfoCom Private Limited,222.26,184.92,16.8,43,3.7,12033,True,https://www.amazon.in/dp/B00FP672ZF,739.68,2.0
RKWI-HIM-HEA-19123,B0HH4YE5F2,Himalaya Health & Wellness Product (500g),Himalaya,Health & Wellness,RK World InfoCom Private Limited,325.24,245.23,24.6,45,4.2,4328,True,https://www.amazon.in/dp/B0HH4YE5F2,735.6899999999999,2.0
RKWI-DET-BAB-10042,B0GJ11YEDW,Dettol Baby Care Product (Pack of 3),Dettol,Baby Care,RK World InfoCom Private Limited,193.61,145.79,24.7,44,4.3,24012,True,https://www.amazon.in/dp/B0GJ11YEDW,583.16,1.0
RKWI-L'O-PER-11316,B0XTX42D13,L'Oreal Personal Care Product (500g),L'Oreal,Personal Care,Cloudtail India,162.73,120.91,25.7,17,4.8,12729,True,https://www.amazon.in/dp/B0XTX42D13,536.96,2.0
RKWI-SUR-HEA-11333,B0WM1XRP4J,Surf Excel Health & Wellness Product (Single Unit),Surf Excel,Health & Wellness,Cocoblu Retail,321.44,256.51,20.2,36,3.8,17957,True,https://www.amazon.in/dp/B0WM1XRP4J,513.02,1.0
RKWI-DET-PER-11729,B09PK42UD2,Dettol Personal Care Product (500g),Dettol,Personal Care,RK World InfoCom Private Limited,311.51,252.95,18.8,49,4.0,21643,True,https://www.amazon.in/dp/B09PK42UD2,505.9,1.0
RKWI-SEN-BEA-15650,B0ZV3BF16T,Sensodyne Beauty & Hygiene Product (500g),Sensodyne,Beauty & Hygiene,Cloudtail India,103.65,82.3,20.6,23,4.6,16656,True,https://www.amazon.in/dp/B0ZV3BF16T,164.6,1.0
RKWI-HIM-BAB-17869,B0F50R34GA,Himalaya Baby Care Product (750ml),Himalaya,Baby Care,Cocoblu Retail,1338.16,1173.57,12.3,13,4.7,3751,True,https://www.amazon.in/dp/B0F50R34GA,0.0,
RKWI-HIM-BEA-17294,B0UOEX80Z2,Himalaya Beauty & Hygiene Product (100g),Himalaya,Beauty & Hygiene,Appario Retail Private Ltd,1639.54,1277.2,22.1,24,4.1,21646,True,https://www.amazon.in/dp/B0UOEX80Z2,0.0,
